x,y,temp
0,0,8.7
1,0,8.7
2,0,8.7
3,0,8.7
4,0,8.7
5,0,8.7
6,0,8.7
7,0,8.7
8,0,8.7
9,0,8.7
10,0,8.7
11,0,8.7
12,0,8.7
13,0,8.7
14,0,8.7
15,0,8.7
16,0,8.7
17,0,8.7
18,0,8.7
19,0,8.7
20,0,8.7
21,0,8.7
22,0,8.7
23,0,8.7
24,0,8.7
25,0,8.7
26,0,8.7
27,0,8.7
28,0,8.9
29,0,8.9
30,0,8.9
31,0,8.9
32,0,8.9
33,0,8.9
34,0,7.2
35,0,7.2
36,0,7.2
37,0,7.2
38,0,7.2
39,0,7.2
40,0,7.2
41,0,7.2
42,0,7.2
43,0,7.2
44,0,7.2
45,0,7.2
46,0,7.2
47,0,7.2
48,0,7.2
49,0,7.2
50,0,7.2
51,0,7.2
52,0,7.2
53,0,7.2
54,0,7.2
55,0,7.2
56,0,7.2
57,0,7.2
58,0,7.2
59,0,7.2
60,0,7.2
61,0,5.4
62,0,5.4
63,0,5.4
64,0,5.4
65,0,5.4
66,0,5.4
67,0,5.4
68,0,5.4
69,0,5.1
70,0,5.1
71,0,5.1
72,0,5.1
73,0,5.1
74,0,5.1
75,0,5.1
76,0,5.1
77,0,5.1
78,0,5.1
79,0,5.1
80,0,5.1
81,0,5.7
82,0,5.7
83,0,5.7
84,0,5.7
85,0,5.7
86,0,5.7
87,0,5.7
88,0,5.7
89,0,5.7
90,0,5.7
91,0,5.7
92,0,5.7
93,0,5.7
94,0,5.7
95,0,5.7
96,0,5.7
97,0,5.7
98,0,5.7
99,0,5.7
0,1,8.7
1,1,8.7
2,1,8.7
3,1,8.7
4,1,8.7
5,1,8.7
6,1,8.7
7,1,8.7
8,1,8.7
9,1,8.7
10,1,8.7
11,1,8.7
12,1,8.7
13,1,8.7
14,1,8.7
15,1,8.7
16,1,8.7
17,1,8.7
18,1,8.7
19,1,8.7
20,1,8.7
21,1,8.7
22,1,8.7
23,1,8.7
24,1,8.7
25,1,8.7
26,1,8.7
27,1,8.7
28,1,8.9
29,1,8.9
30,1,8.9
31,1,8.9
32,1,8.9
33,1,7.2
34,1,7.2
35,1,7.2
36,1,7.2
37,1,7.2
38,1,7.2
39,1,7.2
40,1,7.2
41,1,7.2
42,1,7.2
43,1,7.2
44,1,7.2
45,1,7.2
46,1,7.2
47,1,7.2
48,1,7.2
49,1,7.2
50,1,7.2
51,1,7.2
52,1,7.2
53,1,7.2
54,1,7.2
55,1,7.2
56,1,7.2
57,1,7.2
58,1,7.2
59,1,7.2
60,1,5.4
61,1,5.4
62,1,5.4
63,1,5.4
64,1,5.4
65,1,5.4
66,1,5.4
67,1,5.4
68,1,5.1
69,1,5.1
70,1,5.1
71,1,5.1
72,1,5.1
73,1,5.1
74,1,5.1
75,1,5.1
76,1,5.1
77,1,5.1
78,1,5.1
79,1,5.1
80,1,5.7
81,1,5.7
82,1,5.7
83,1,5.7
84,1,5.7
85,1,5.7
86,1,5.7
87,1,5.7
88,1,5.7
89,1,5.7
90,1,5.7
91,1,5.7
92,1,5.7
93,1,5.7
94,1,5.7
95,1,5.7
96,1,5.7
97,1,5.7
98,1,5.7
99,1,5.7
0,2,8.7
1,2,8.7
2,2,8.7
3,2,8.7
4,2,8.7
5,2,8.7
6,2,8.7
7,2,8.7
8,2,8.7
9,2,8.7
10,2,8.7
11,2,8.7
12,2,8.7
13,2,8.7
14,2,8.7
15,2,8.7
16,2,8.7
17,2,8.7
18,2,8.7
19,2,8.7
20,2,8.7
21,2,8.7
22,2,8.7
23,2,8.7
24,2,8.7
25,2,8.7
26,2,8.7
27,2,8.7
28,2,8.7
29,2,8.7
30,2,8.9
31,2,8.9
32,2,8.9
33,2,7.2
34,2,7.2
35,2,7.2
36,2,7.2
37,2,7.2
38,2,7.2
39,2,7.2
40,2,7.2
41,2,7.2
42,2,7.2
43,2,7.2
44,2,7.2
45,2,7.2
46,2,7.2
47,2,7.2
48,2,7.2
49,2,7.2
50,2,7.2
51,2,7.2
52,2,7.2
53,2,7.2
54,2,7.2
55,2,7.2
56,2,7.2
57,2,7.2
58,2,7.2
59,2,5.4
60,2,5.4
61,2,5.4
62,2,5.4
63,2,5.4
64,2,5.4
65,2,5.4
66,2,5.4
67,2,5.4
68,2,5.1
69,2,5.1
70,2,5.1
71,2,5.1
72,2,5.1
73,2,5.1
74,2,5.1
75,2,5.1
76,2,5.1
77,2,5.1
78,2,5.1
79,2,5.1
80,2,5.7
81,2,5.7
82,2,5.7
83,2,5.7
84,2,5.7
85,2,5.7
86,2,5.7
87,2,5.7
88,2,5.7
89,2,5.7
90,2,5.7
91,2,5.7
92,2,5.7
93,2,5.7
94,2,5.7
95,2,5.7
96,2,5.7
97,2,5.7
98,2,5.7
99,2,5.7
0,3,6.9
1,3,8.7
2,3,8.7
3,3,8.7
4,3,8.7
5,3,8.7
6,3,8.7
7,3,8.7
8,3,8.7
9,3,8.7
10,3,8.7
11,3,8.7
12,3,8.7
13,3,8.7
14,3,8.7
15,3,8.7
16,3,8.7
17,3,8.7
18,3,8.7
19,3,8.7
20,3,8.7
21,3,8.7
22,3,8.7
23,3,8.7
24,3,8.7
25,3,8.7
26,3,8.7
27,3,8.7
28,3,8.7
29,3,8.7
30,3,8.7
31,3,8.7
32,3,8.7
33,3,7.2
34,3,7.2
35,3,7.2
36,3,7.2
37,3,7.2
38,3,7.2
39,3,7.2
40,3,7.2
41,3,7.2
42,3,7.2
43,3,7.2
44,3,7.2
45,3,7.2
46,3,7.2
47,3,7.2
48,3,7.2
49,3,7.2
50,3,7.2
51,3,7.2
52,3,7.2
53,3,7.2
54,3,7.2
55,3,7.2
56,3,7.2
57,3,7.2
58,3,7.2
59,3,5.4
60,3,5.4
61,3,5.4
62,3,5.4
63,3,5.4
64,3,5.4
65,3,5.4
66,3,5.4
67,3,5.4
68,3,5.1
69,3,5.1
70,3,5.1
71,3,5.1
72,3,5.1
73,3,5.1
74,3,5.1
75,3,5.1
76,3,5.1
77,3,5.1
78,3,5.1
79,3,5.1
80,3,5.7
81,3,5.7
82,3,5.7
83,3,5.7
84,3,5.7
85,3,5.7
86,3,5.7
87,3,5.7
88,3,5.7
89,3,5.7
90,3,5.7
91,3,5.7
92,3,5.7
93,3,5.7
94,3,5.7
95,3,5.7
96,3,5.7
97,3,5.7
98,3,5.7
99,3,5.7
0,4,6.9
1,4,6.9
2,4,6.9
3,4,8.7
4,4,8.7
5,4,8.7
6,4,8.7
7,4,8.7
8,4,8.7
9,4,8.7
10,4,8.7
11,4,8.7
12,4,8.7
13,4,8.7
14,4,8.7
15,4,8.7
16,4,8.7
17,4,8.7
18,4,8.7
19,4,8.7
20,4,8.7
21,4,8.7
22,4,8.7
23,4,8.7
24,4,8.7
25,4,8.7
26,4,8.7
27,4,8.7
28,4,8.7
29,4,8.7
30,4,8.7
31,4,8.7
32,4,8.7
33,4,7.2
34,4,7.2
35,4,7.2
36,4,7.2
37,4,7.2
38,4,7.2
39,4,7.2
40,4,7.2
41,4,7.2
42,4,7.2
43,4,7.2
44,4,7.2
45,4,7.2
46,4,7.2
47,4,7.2
48,4,7.2
49,4,7.2
50,4,7.2
51,4,7.2
52,4,7.2
53,4,7.2
54,4,7.2
55,4,7.2
56,4,7.2
57,4,7.2
58,4,5.4
59,4,5.4
60,4,5.4
61,4,5.4
62,4,5.4
63,4,5.4
64,4,5.4
65,4,5.4
66,4,5.4
67,4,5.4
68,4,5.1
69,4,5.1
70,4,5.1
71,4,5.1
72,4,5.1
73,4,5.1
74,4,5.1
75,4,5.1
76,4,5.1
77,4,5.1
78,4,5.1
79,4,5.7
80,4,5.7
81,4,5.7
82,4,5.7
83,4,5.7
84,4,5.7
85,4,5.7
86,4,5.7
87,4,5.7
88,4,5.7
89,4,5.7
90,4,5.7
91,4,5.7
92,4,5.7
93,4,5.7
94,4,5.7
95,4,5.7
96,4,5.7
97,4,5.7
98,4,5.7
99,4,5.7
0,5,6.9
1,5,6.9
2,5,6.9
3,5,6.9
4,5,8.7
5,5,8.7
6,5,8.7
7,5,8.7
8,5,8.7
9,5,8.7
10,5,8.7
11,5,8.7
12,5,8.7
13,5,8.7
14,5,8.7
15,5,8.7
16,5,8.7
17,5,8.7
18,5,8.7
19,5,8.7
20,5,8.7
21,5,8.7
22,5,8.7
23,5,8.7
24,5,8.7
25,5,8.7
26,5,8.7
27,5,8.7
28,5,8.7
29,5,8.7
30,5,8.7
31,5,8.7
32,5,8.7
33,5,8.7
34,5,7.2
35,5,7.2
36,5,7.2
37,5,7.2
38,5,7.2
39,5,7.2
40,5,7.2
41,5,7.2
42,5,7.2
43,5,7.2
44,5,7.2
45,5,7.2
46,5,7.2
47,5,7.2
48,5,7.2
49,5,7.2
50,5,7.2
51,5,7.2
52,5,7.2
53,5,7.2
54,5,7.2
55,5,7.2
56,5,5.2
57,5,5.2
58,5,5.4
59,5,5.4
60,5,5.4
61,5,5.4
62,5,5.4
63,5,5.4
64,5,5.4
65,5,5.4
66,5,5.4
67,5,5.1
68,5,5.1
69,5,5.1
70,5,5.1
71,5,5.1
72,5,5.1
73,5,5.1
74,5,5.1
75,5,5.1
76,5,5.1
77,5,5.1
78,5,5.1
79,5,5.7
80,5,5.7
81,5,5.7
82,5,5.7
83,5,5.7
84,5,5.7
85,5,5.7
86,5,5.7
87,5,5.7
88,5,5.7
89,5,5.7
90,5,5.7
91,5,5.7
92,5,5.7
93,5,5.7
94,5,5.7
95,5,5.7
96,5,5.7
97,5,5.7
98,5,5.7
99,5,5.7
0,6,6.9
1,6,6.9
2,6,6.9
3,6,6.9
4,6,6.9
5,6,6.9
6,6,8.7
7,6,8.7
8,6,8.7
9,6,8.7
10,6,8.7
11,6,8.7
12,6,8.7
13,6,8.7
14,6,8.7
15,6,8.7
16,6,8.7
17,6,8.7
18,6,8.7
19,6,8.7
20,6,8.7
21,6,8.7
22,6,8.7
23,6,8.7
24,6,8.7
25,6,8.7
26,6,8.7
27,6,8.7
28,6,8.7
29,6,8.7
30,6,8.7
31,6,8.7
32,6,8.7
33,6,8.7
34,6,7.2
35,6,7.2
36,6,7.2
37,6,7.2
38,6,7.2
39,6,7.2
40,6,7.2
41,6,7.2
42,6,7.2
43,6,7.2
44,6,7.2
45,6,7.2
46,6,7.2
47,6,7.2
48,6,7.2
49,6,7.2
50,6,7.2
51,6,7.2
52,6,7.2
53,6,7.2
54,6,7.2
55,6,5.2
56,6,5.2
57,6,5.2
58,6,5.4
59,6,5.4
60,6,5.4
61,6,5.4
62,6,5.4
63,6,5.4
64,6,5.4
65,6,5.4
66,6,5.4
67,6,5.1
68,6,5.1
69,6,5.1
70,6,5.1
71,6,5.1
72,6,5.1
73,6,5.1
74,6,5.1
75,6,5.1
76,6,5.1
77,6,5.1
78,6,5.7
79,6,5.7
80,6,5.7
81,6,5.7
82,6,5.7
83,6,5.7
84,6,5.7
85,6,5.7
86,6,5.7
87,6,5.7
88,6,5.7
89,6,5.7
90,6,5.7
91,6,5.7
92,6,5.7
93,6,5.7
94,6,5.7
95,6,5.7
96,6,5.7
97,6,5.7
98,6,5.7
99,6,5.7
0,7,6.9
1,7,6.9
2,7,6.9
3,7,6.9
4,7,6.9
5,7,6.9
6,7,6.9
7,7,8.7
8,7,8.7
9,7,8.7
10,7,8.7
11,7,8.7
12,7,8.7
13,7,8.7
14,7,8.7
15,7,8.7
16,7,8.7
17,7,8.7
18,7,8.7
19,7,8.7
20,7,8.7
21,7,8.7
22,7,8.7
23,7,8.7
24,7,8.7
25,7,8.7
26,7,8.7
27,7,8.7
28,7,8.7
29,7,8.7
30,7,8.7
31,7,8.7
32,7,8.7
33,7,8.7
34,7,7.2
35,7,7.2
36,7,7.2
37,7,7.2
38,7,7.2
39,7,7.2
40,7,7.2
41,7,7.2
42,7,7.2
43,7,7.2
44,7,7.2
45,7,7.2
46,7,7.2
47,7,7.2
48,7,7.2
49,7,7.2
50,7,7.2
51,7,7.2
52,7,7.2
53,7,7.2
54,7,5.2
55,7,5.2
56,7,5.2
57,7,5.2
58,7,5.4
59,7,5.4
60,7,5.4
61,7,5.4
62,7,5.4
63,7,5.4
64,7,5.4
65,7,5.4
66,7,5.4
67,7,5.1
68,7,5.1
69,7,5.1
70,7,5.1
71,7,5.1
72,7,5.1
73,7,5.1
74,7,5.1
75,7,5.1
76,7,5.1
77,7,5.1
78,7,5.7
79,7,5.7
80,7,5.7
81,7,5.7
82,7,5.7
83,7,5.7
84,7,5.7
85,7,5.7
86,7,5.7
87,7,5.7
88,7,5.7
89,7,5.7
90,7,5.7
91,7,5.7
92,7,5.7
93,7,5.7
94,7,5.7
95,7,5.7
96,7,5.7
97,7,5.7
98,7,5.7
99,7,5.7
0,8,6.9
1,8,6.9
2,8,6.9
3,8,6.9
4,8,6.9
5,8,6.9
6,8,6.9
7,8,6.9
8,8,6.9
9,8,8.7
10,8,8.7
11,8,8.7
12,8,8.7
13,8,8.7
14,8,8.7
15,8,8.7
16,8,8.7
17,8,8.7
18,8,8.7
19,8,8.7
20,8,8.7
21,8,8.7
22,8,8.7
23,8,8.7
24,8,8.7
25,8,8.7
26,8,8.7
27,8,8.7
28,8,8.7
29,8,8.7
30,8,8.7
31,8,8.7
32,8,8.7
33,8,8.7
34,8,7.2
35,8,7.2
36,8,7.2
37,8,7.2
38,8,7.2
39,8,7.2
40,8,7.2
41,8,7.2
42,8,7.2
43,8,7.2
44,8,7.2
45,8,7.2
46,8,7.2
47,8,7.2
48,8,7.2
49,8,7.2
50,8,7.2
51,8,7.2
52,8,7.2
53,8,5.2
54,8,5.2
55,8,5.2
56,8,5.2
57,8,5.2
58,8,5.4
59,8,5.4
60,8,5.4
61,8,5.4
62,8,5.4
63,8,5.4
64,8,5.4
65,8,5.4
66,8,5.4
67,8,5.1
68,8,5.1
69,8,5.1
70,8,5.1
71,8,5.1
72,8,5.1
73,8,5.1
74,8,5.1
75,8,5.1
76,8,5.1
77,8,5.1
78,8,5.7
79,8,5.7
80,8,5.7
81,8,5.7
82,8,5.7
83,8,5.7
84,8,5.7
85,8,5.7
86,8,5.7
87,8,5.7
88,8,5.7
89,8,5.7
90,8,5.7
91,8,5.7
92,8,5.7
93,8,5.7
94,8,5.7
95,8,5.7
96,8,5.7
97,8,5.7
98,8,5.7
99,8,5.7
0,9,6.9
1,9,6.9
2,9,6.9
3,9,6.9
4,9,6.9
5,9,6.9
6,9,6.9
7,9,6.9
8,9,6.9
9,9,6.9
10,9,8.7
11,9,8.7
12,9,8.7
13,9,8.7
14,9,8.7
15,9,8.7
16,9,8.7
17,9,8.7
18,9,8.7
19,9,8.7
20,9,8.7
21,9,8.7
22,9,8.7
23,9,8.7
24,9,8.7
25,9,8.7
26,9,8.7
27,9,8.7
28,9,8.7
29,9,8.7
30,9,8.7
31,9,8.7
32,9,8.7
33,9,8.7
34,9,8.7
35,9,7.2
36,9,7.2
37,9,7.2
38,9,7.2
39,9,7.2
40,9,7.2
41,9,7.2
42,9,7.2
43,9,7.2
44,9,7.2
45,9,7.2
46,9,7.2
47,9,7.2
48,9,7.2
49,9,7.2
50,9,7.2
51,9,5.2
52,9,5.2
53,9,5.2
54,9,5.2
55,9,5.2
56,9,5.2
57,9,5.2
58,9,5.4
59,9,5.4
60,9,5.4
61,9,5.4
62,9,5.4
63,9,5.4
64,9,5.4
65,9,5.4
66,9,5.4
67,9,5.1
68,9,5.1
69,9,5.1
70,9,5.1
71,9,5.1
72,9,5.1
73,9,5.1
74,9,5.1
75,9,5.1
76,9,5.1
77,9,5.7
78,9,5.7
79,9,5.7
80,9,5.7
81,9,5.7
82,9,5.7
83,9,5.7
84,9,5.7
85,9,5.7
86,9,5.7
87,9,5.7
88,9,5.7
89,9,5.7
90,9,5.7
91,9,5.7
92,9,5.7
93,9,5.7
94,9,5.7
95,9,5.7
96,9,5.7
97,9,5.7
98,9,5.7
99,9,5.7
0,10,6.9
1,10,6.9
2,10,6.9
3,10,6.9
4,10,6.9
5,10,6.9
6,10,6.9
7,10,6.9
8,10,6.9
9,10,6.9
10,10,6.9
11,10,6.9
12,10,8.7
13,10,8.7
14,10,8.7
15,10,8.7
16,10,8.7
17,10,8.7
18,10,8.7
19,10,8.7
20,10,8.7
21,10,8.7
22,10,8.7
23,10,8.7
24,10,8.7
25,10,8.7
26,10,8.7
27,10,8.7
28,10,8.7
29,10,8.7
30,10,8.7
31,10,8.7
32,10,8.7
33,10,8.7
34,10,8.7
35,10,7.2
36,10,7.2
37,10,7.2
38,10,7.2
39,10,7.2
40,10,7.2
41,10,7.2
42,10,7.2
43,10,7.2
44,10,7.2
45,10,7.2
46,10,7.2
47,10,7.2
48,10,7.2
49,10,7.2
50,10,5.2
51,10,5.2
52,10,5.2
53,10,5.2
54,10,5.2
55,10,5.2
56,10,5.2
57,10,5.2
58,10,5.4
59,10,5.4
60,10,5.4
61,10,5.4
62,10,5.4
63,10,5.4
64,10,5.4
65,10,5.4
66,10,5.1
67,10,5.1
68,10,5.1
69,10,5.1
70,10,5.1
71,10,5.1
72,10,5.1
73,10,5.1
74,10,5.1
75,10,5.1
76,10,5.1
77,10,5.7
78,10,5.7
79,10,5.7
80,10,5.7
81,10,5.7
82,10,5.7
83,10,5.7
84,10,5.7
85,10,5.7
86,10,5.7
87,10,5.7
88,10,5.7
89,10,5.7
90,10,5.7
91,10,5.7
92,10,5.7
93,10,5.7
94,10,5.7
95,10,5.7
96,10,5.7
97,10,5.7
98,10,5.7
99,10,5.7
0,11,6.9
1,11,6.9
2,11,6.9
3,11,6.9
4,11,6.9
5,11,6.9
6,11,6.9
7,11,6.9
8,11,6.9
9,11,6.9
10,11,6.9
11,11,6.9
12,11,6.9
13,11,8.7
14,11,8.7
15,11,8.7
16,11,8.7
17,11,8.7
18,11,8.7
19,11,8.7
20,11,8.7
21,11,8.7
22,11,8.7
23,11,8.7
24,11,8.7
25,11,8.7
26,11,8.7
27,11,8.7
28,11,8.7
29,11,8.7
30,11,8.7
31,11,8.7
32,11,8.7
33,11,8.7
34,11,8.7
35,11,7.2
36,11,7.2
37,11,7.2
38,11,7.2
39,11,7.2
40,11,7.2
41,11,7.2
42,11,7.2
43,11,7.2
44,11,7.2
45,11,7.2
46,11,7.2
47,11,7.2
48,11,3.8
49,11,5.2
50,11,5.2
51,11,5.2
52,11,5.2
53,11,5.2
54,11,5.2
55,11,5.2
56,11,5.2
57,11,4.9
58,11,5.4
59,11,5.4
60,11,5.4
61,11,5.4
62,11,5.4
63,11,5.4
64,11,5.4
65,11,5.4
66,11,5.1
67,11,5.1
68,11,5.1
69,11,5.1
70,11,5.1
71,11,5.1
72,11,5.1
73,11,5.1
74,11,5.1
75,11,5.1
76,11,5.7
77,11,5.7
78,11,5.7
79,11,5.7
80,11,5.7
81,11,5.7
82,11,5.7
83,11,5.7
84,11,5.7
85,11,5.7
86,11,5.7
87,11,5.7
88,11,5.7
89,11,5.7
90,11,5.7
91,11,5.7
92,11,5.7
93,11,5.7
94,11,5.7
95,11,5.7
96,11,5.7
97,11,5.7
98,11,5.7
99,11,5.7
0,12,6.9
1,12,6.9
2,12,6.9
3,12,6.9
4,12,6.9
5,12,6.9
6,12,6.9
7,12,6.9
8,12,6.9
9,12,6.9
10,12,6.9
11,12,6.9
12,12,6.9
13,12,6.9
14,12,6.9
15,12,8.7
16,12,8.7
17,12,8.7
18,12,8.7
19,12,8.7
20,12,8.7
21,12,8.7
22,12,8.7
23,12,8.7
24,12,8.7
25,12,8.7
26,12,8.7
27,12,8.7
28,12,8.7
29,12,8.7
30,12,8.7
31,12,8.7
32,12,8.7
33,12,8.7
34,12,8.7
35,12,8.7
36,12,7.2
37,12,7.2
38,12,7.2
39,12,7.2
40,12,7.2
41,12,7.2
42,12,7.2
43,12,7.2
44,12,7.2
45,12,7.2
46,12,3.8
47,12,3.8
48,12,3.8
49,12,5.2
50,12,5.2
51,12,5.2
52,12,5.2
53,12,5.2
54,12,5.2
55,12,5.2
56,12,5.2
57,12,4.9
58,12,5.4
59,12,5.4
60,12,5.4
61,12,5.4
62,12,5.4
63,12,5.4
64,12,5.4
65,12,5.4
66,12,5.1
67,12,5.1
68,12,5.1
69,12,5.1
70,12,5.1
71,12,5.1
72,12,5.1
73,12,5.1
74,12,5.1
75,12,5.1
76,12,5.7
77,12,5.7
78,12,5.7
79,12,5.7
80,12,5.7
81,12,5.7
82,12,5.7
83,12,5.7
84,12,5.7
85,12,5.7
86,12,5.7
87,12,5.7
88,12,5.7
89,12,5.7
90,12,5.7
91,12,5.7
92,12,5.7
93,12,5.7
94,12,5.7
95,12,5.7
96,12,5.7
97,12,5.7
98,12,5.7
99,12,5.7
0,13,6.9
1,13,6.9
2,13,6.9
3,13,6.9
4,13,6.9
5,13,6.9
6,13,6.9
7,13,6.9
8,13,6.9
9,13,6.9
10,13,6.9
11,13,6.9
12,13,6.9
13,13,6.9
14,13,6.9
15,13,6.9
16,13,6.9
17,13,8.7
18,13,5.0
19,13,5.0
20,13,5.0
21,13,5.0
22,13,5.0
23,13,5.0
24,13,8.7
25,13,8.7
26,13,8.7
27,13,8.7
28,13,8.7
29,13,8.7
30,13,8.7
31,13,8.7
32,13,8.7
33,13,8.7
34,13,5.0
35,13,5.0
36,13,5.0
37,13,7.2
38,13,7.2
39,13,7.2
40,13,7.2
41,13,7.2
42,13,7.2
43,13,3.8
44,13,3.8
45,13,3.8
46,13,3.8
47,13,3.8
48,13,3.8
49,13,5.2
50,13,5.2
51,13,5.2
52,13,5.2
53,13,5.2
54,13,5.2
55,13,5.2
56,13,5.2
57,13,5.4
58,13,5.4
59,13,5.4
60,13,5.4
61,13,5.4
62,13,5.4
63,13,5.4
64,13,5.4
65,13,5.4
66,13,5.1
67,13,5.1
68,13,5.1
69,13,5.1
70,13,5.1
71,13,5.1
72,13,5.1
73,13,5.1
74,13,5.1
75,13,5.7
76,13,5.7
77,13,5.7
78,13,5.7
79,13,5.7
80,13,5.7
81,13,5.7
82,13,5.7
83,13,5.7
84,13,5.7
85,13,5.7
86,13,5.7
87,13,5.7
88,13,5.7
89,13,5.7
90,13,5.7
91,13,5.7
92,13,5.7
93,13,5.7
94,13,5.7
95,13,5.7
96,13,5.7
97,13,5.7
98,13,5.7
99,13,5.7
0,14,6.9
1,14,6.9
2,14,6.9
3,14,6.9
4,14,6.9
5,14,6.9
6,14,6.9
7,14,6.9
8,14,6.9
9,14,6.9
10,14,6.9
11,14,6.9
12,14,6.9
13,14,6.9
14,14,6.9
15,14,6.9
16,14,6.9
17,14,5.0
18,14,5.0
19,14,5.0
20,14,5.0
21,14,5.0
22,14,5.0
23,14,5.0
24,14,5.0
25,14,5.0
26,14,
27,14,8.7
28,14,8.7
29,14,8.7
30,14,5.0
31,14,5.0
32,14,5.0
33,14,5.0
34,14,5.0
35,14,5.0
36,14,5.0
37,14,5.0
38,14,5.0
39,14,5.0
40,14,5.0
41,14,3.8
42,14,3.8
43,14,3.8
44,14,3.8
45,14,3.8
46,14,3.8
47,14,3.8
48,14,3.8
49,14,5.2
50,14,5.2
51,14,5.2
52,14,5.2
53,14,5.2
54,14,5.2
55,14,5.2
56,14,4.9
57,14,5.4
58,14,5.4
59,14,5.4
60,14,5.4
61,14,5.4
62,14,5.4
63,14,5.4
64,14,5.4
65,14,5.4
66,14,5.1
67,14,5.1
68,14,5.1
69,14,5.1
70,14,5.1
71,14,5.1
72,14,5.1
73,14,5.1
74,14,5.1
75,14,5.7
76,14,5.7
77,14,5.7
78,14,5.7
79,14,5.7
80,14,5.7
81,14,5.7
82,14,5.7
83,14,5.7
84,14,5.7
85,14,5.7
86,14,5.7
87,14,5.7
88,14,5.7
89,14,5.7
90,14,5.7
91,14,5.7
92,14,5.7
93,14,5.7
94,14,5.7
95,14,5.7
96,14,5.7
97,14,5.7
98,14,5.7
99,14,5.7
0,15,6.9
1,15,6.9
2,15,6.9
3,15,6.9
4,15,6.9
5,15,6.9
6,15,6.9
7,15,6.9
8,15,6.9
9,15,6.9
10,15,6.9
11,15,6.9
12,15,6.9
13,15,6.9
14,15,6.9
15,15,6.9
16,15,6.9
17,15,5.0
18,15,5.0
19,15,5.0
20,15,5.0
21,15,5.0
22,15,5.0
23,15,5.0
24,15,5.0
25,15,5.0
26,15,
27,15,
28,15,
29,15,5.0
30,15,5.0
31,15,5.0
32,15,5.0
33,15,5.0
34,15,5.0
35,15,5.0
36,15,5.0
37,15,5.0
38,15,5.0
39,15,5.0
40,15,5.0
41,15,3.8
42,15,3.8
43,15,3.8
44,15,3.8
45,15,3.8
46,15,3.8
47,15,3.8
48,15,3.8
49,15,5.2
50,15,5.2
51,15,5.2
52,15,5.2
53,15,5.2
54,15,5.2
55,15,5.2
56,15,4.9
57,15,5.4
58,15,5.4
59,15,5.4
60,15,5.4
61,15,5.4
62,15,5.4
63,15,5.4
64,15,5.4
65,15,5.1
66,15,5.1
67,15,5.1
68,15,5.1
69,15,5.1
70,15,5.1
71,15,5.1
72,15,5.1
73,15,5.1
74,15,5.1
75,15,5.7
76,15,5.7
77,15,5.7
78,15,5.7
79,15,5.7
80,15,5.7
81,15,5.7
82,15,5.7
83,15,5.7
84,15,5.7
85,15,5.7
86,15,5.7
87,15,5.7
88,15,5.7
89,15,5.7
90,15,5.7
91,15,5.7
92,15,5.7
93,15,5.7
94,15,5.7
95,15,5.7
96,15,5.7
97,15,5.7
98,15,5.7
99,15,5.7
0,16,6.9
1,16,6.9
2,16,6.9
3,16,6.9
4,16,6.9
5,16,6.9
6,16,6.9
7,16,6.9
8,16,6.9
9,16,6.9
10,16,6.9
11,16,6.9
12,16,6.9
13,16,6.9
14,16,6.9
15,16,6.9
16,16,6.9
17,16,5.0
18,16,5.0
19,16,5.0
20,16,5.0
21,16,5.0
22,16,5.0
23,16,5.0
24,16,5.0
25,16,5.0
26,16,
27,16,
28,16,
29,16,5.0
30,16,5.0
31,16,5.0
32,16,5.0
33,16,5.0
34,16,5.0
35,16,5.0
36,16,5.0
37,16,5.0
38,16,5.0
39,16,5.0
40,16,3.8
41,16,3.8
42,16,3.8
43,16,3.8
44,16,3.8
45,16,3.8
46,16,3.8
47,16,3.8
48,16,5.2
49,16,5.2
50,16,5.2
51,16,5.2
52,16,5.2
53,16,5.2
54,16,5.2
55,16,5.2
56,16,4.9
57,16,5.4
58,16,5.4
59,16,5.4
60,16,5.4
61,16,5.4
62,16,5.4
63,16,5.4
64,16,5.4
65,16,5.1
66,16,5.1
67,16,5.1
68,16,5.1
69,16,5.1
70,16,5.1
71,16,5.1
72,16,5.1
73,16,5.1
74,16,5.7
75,16,5.7
76,16,5.7
77,16,5.7
78,16,5.7
79,16,5.7
80,16,5.7
81,16,5.7
82,16,5.7
83,16,5.7
84,16,5.7
85,16,5.7
86,16,5.7
87,16,5.7
88,16,5.7
89,16,5.7
90,16,5.7
91,16,5.7
92,16,5.7
93,16,5.7
94,16,5.7
95,16,5.7
96,16,5.7
97,16,5.7
98,16,5.7
99,16,5.7
0,17,6.9
1,17,6.9
2,17,6.9
3,17,6.9
4,17,6.9
5,17,6.9
6,17,6.9
7,17,6.9
8,17,6.9
9,17,6.9
10,17,6.9
11,17,6.9
12,17,6.9
13,17,6.9
14,17,6.9
15,17,6.9
16,17,6.9
17,17,6.9
18,17,5.0
19,17,5.0
20,17,5.0
21,17,5.0
22,17,5.0
23,17,5.0
24,17,5.0
25,17,5.0
26,17,
27,17,
28,17,
29,17,5.0
30,17,5.0
31,17,5.0
32,17,5.0
33,17,5.0
34,17,5.0
35,17,5.0
36,17,5.0
37,17,5.0
38,17,5.0
39,17,5.0
40,17,3.8
41,17,3.8
42,17,3.8
43,17,3.8
44,17,3.8
45,17,3.8
46,17,3.8
47,17,3.8
48,17,5.2
49,17,5.2
50,17,5.2
51,17,5.2
52,17,5.2
53,17,5.2
54,17,5.2
55,17,4.9
56,17,4.9
57,17,5.4
58,17,5.4
59,17,5.4
60,17,5.4
61,17,5.4
62,17,5.4
63,17,5.4
64,17,5.4
65,17,5.1
66,17,5.1
67,17,5.1
68,17,5.1
69,17,5.1
70,17,5.1
71,17,5.1
72,17,5.1
73,17,5.1
74,17,5.7
75,17,5.7
76,17,5.7
77,17,5.7
78,17,5.7
79,17,5.7
80,17,5.7
81,17,5.7
82,17,5.7
83,17,5.7
84,17,5.7
85,17,5.7
86,17,5.7
87,17,5.7
88,17,5.7
89,17,5.7
90,17,5.7
91,17,5.7
92,17,5.7
93,17,5.7
94,17,5.7
95,17,5.7
96,17,5.7
97,17,5.7
98,17,5.7
99,17,5.7
0,18,6.9
1,18,6.9
2,18,6.9
3,18,6.9
4,18,6.9
5,18,6.9
6,18,6.9
7,18,6.9
8,18,6.9
9,18,6.9
10,18,6.9
11,18,6.9
12,18,6.9
13,18,6.9
14,18,6.9
15,18,6.9
16,18,6.9
17,18,6.9
18,18,5.0
19,18,5.0
20,18,5.0
21,18,5.0
22,18,5.0
23,18,5.0
24,18,5.0
25,18,5.0
26,18,
27,18,
28,18,
29,18,5.0
30,18,5.0
31,18,5.0
32,18,5.0
33,18,5.0
34,18,5.0
35,18,5.0
36,18,5.0
37,18,5.0
38,18,5.0
39,18,5.0
40,18,3.8
41,18,3.8
42,18,3.8
43,18,3.8
44,18,3.8
45,18,3.8
46,18,3.8
47,18,3.8
48,18,5.2
49,18,5.2
50,18,5.2
51,18,5.2
52,18,5.2
53,18,5.2
54,18,5.2
55,18,4.9
56,18,4.9
57,18,5.4
58,18,5.4
59,18,5.4
60,18,5.4
61,18,5.4
62,18,5.4
63,18,5.4
64,18,5.4
65,18,5.1
66,18,5.1
67,18,5.1
68,18,5.1
69,18,5.1
70,18,5.1
71,18,5.1
72,18,5.1
73,18,5.7
74,18,5.7
75,18,5.7
76,18,5.7
77,18,5.7
78,18,5.7
79,18,5.7
80,18,5.7
81,18,5.7
82,18,5.7
83,18,5.7
84,18,5.7
85,18,5.7
86,18,5.7
87,18,5.7
88,18,5.7
89,18,5.7
90,18,5.7
91,18,5.7
92,18,5.7
93,18,5.7
94,18,5.7
95,18,5.7
96,18,5.7
97,18,5.7
98,18,5.7
99,18,5.7
0,19,6.9
1,19,6.9
2,19,6.9
3,19,6.9
4,19,6.9
5,19,6.9
6,19,6.9
7,19,6.9
8,19,6.9
9,19,6.9
10,19,6.9
11,19,6.9
12,19,6.9
13,19,6.9
14,19,6.9
15,19,6.9
16,19,6.9
17,19,6.9
18,19,5.0
19,19,5.0
20,19,5.0
21,19,5.0
22,19,5.0
23,19,5.0
24,19,5.0
25,19,5.0
26,19,
27,19,
28,19,
29,19,5.0
30,19,5.0
31,19,5.0
32,19,5.0
33,19,5.0
34,19,5.0
35,19,5.0
36,19,5.0
37,19,5.0
38,19,5.0
39,19,3.8
40,19,3.8
41,19,3.8
42,19,3.8
43,19,3.8
44,19,3.8
45,19,3.8
46,19,3.8
47,19,3.8
48,19,5.2
49,19,5.2
50,19,5.2
51,19,5.2
52,19,5.2
53,19,5.2
54,19,5.2
55,19,4.9
56,19,4.9
57,19,5.4
58,19,5.4
59,19,5.4
60,19,5.4
61,19,5.4
62,19,5.4
63,19,5.4
64,19,5.4
65,19,5.1
66,19,5.1
67,19,5.1
68,19,5.1
69,19,5.1
70,19,5.1
71,19,5.1
72,19,5.1
73,19,5.7
74,19,5.7
75,19,5.7
76,19,5.7
77,19,5.7
78,19,5.7
79,19,5.7
80,19,5.7
81,19,5.7
82,19,5.7
83,19,5.7
84,19,5.7
85,19,5.7
86,19,5.7
87,19,5.7
88,19,5.7
89,19,5.7
90,19,5.7
91,19,5.7
92,19,5.7
93,19,5.7
94,19,5.7
95,19,5.7
96,19,5.7
97,19,5.7
98,19,5.7
99,19,5.7
0,20,6.9
1,20,6.9
2,20,6.9
3,20,6.9
4,20,6.9
5,20,6.9
6,20,6.9
7,20,6.9
8,20,6.9
9,20,6.9
10,20,6.9
11,20,6.9
12,20,6.9
13,20,6.9
14,20,6.9
15,20,6.9
16,20,6.9
17,20,6.9
18,20,5.0
19,20,5.0
20,20,5.0
21,20,5.0
22,20,5.0
23,20,5.0
24,20,5.0
25,20,5.0
26,20,
27,20,
28,20,
29,20,
30,20,5.0
31,20,5.0
32,20,5.0
33,20,5.0
34,20,5.0
35,20,5.0
36,20,5.0
37,20,5.0
38,20,5.0
39,20,3.8
40,20,3.8
41,20,3.8
42,20,3.8
43,20,3.8
44,20,3.8
45,20,3.8
46,20,3.8
47,20,3.8
48,20,5.2
49,20,5.2
50,20,5.2
51,20,5.2
52,20,5.2
53,20,5.2
54,20,4.9
55,20,4.9
56,20,4.9
57,20,5.4
58,20,5.4
59,20,5.4
60,20,5.4
61,20,5.4
62,20,5.4
63,20,5.4
64,20,5.1
65,20,5.1
66,20,5.1
67,20,5.1
68,20,5.1
69,20,5.1
70,20,5.1
71,20,5.1
72,20,5.1
73,20,5.7
74,20,5.7
75,20,5.7
76,20,5.7
77,20,5.7
78,20,5.7
79,20,5.7
80,20,5.7
81,20,5.7
82,20,5.7
83,20,5.7
84,20,5.7
85,20,5.7
86,20,5.7
87,20,5.7
88,20,5.7
89,20,5.7
90,20,5.7
91,20,5.7
92,20,5.7
93,20,5.7
94,20,5.7
95,20,5.7
96,20,5.7
97,20,5.7
98,20,5.7
99,20,4.1
0,21,6.9
1,21,6.9
2,21,6.9
3,21,6.9
4,21,6.9
5,21,6.9
6,21,6.9
7,21,6.9
8,21,6.9
9,21,6.9
10,21,6.9
11,21,6.9
12,21,6.9
13,21,6.9
14,21,6.9
15,21,6.9
16,21,6.9
17,21,6.9
18,21,5.0
19,21,5.0
20,21,5.0
21,21,5.0
22,21,5.0
23,21,5.0
24,21,5.0
25,21,5.0
26,21,
27,21,
28,21,
29,21,
30,21,5.0
31,21,5.0
32,21,5.0
33,21,5.0
34,21,5.0
35,21,5.0
36,21,5.0
37,21,5.0
38,21,5.0
39,21,3.8
40,21,3.8
41,21,3.8
42,21,3.8
43,21,3.8
44,21,3.8
45,21,3.8
46,21,3.8
47,21,5.2
48,21,5.2
49,21,5.2
50,21,5.2
51,21,5.2
52,21,5.2
53,21,5.2
54,21,4.9
55,21,4.9
56,21,4.9
57,21,5.4
58,21,5.4
59,21,5.4
60,21,5.4
61,21,5.4
62,21,5.4
63,21,5.4
64,21,5.1
65,21,5.1
66,21,5.1
67,21,5.1
68,21,5.1
69,21,5.1
70,21,5.1
71,21,5.1
72,21,5.7
73,21,5.7
74,21,5.7
75,21,5.7
76,21,5.7
77,21,5.7
78,21,5.7
79,21,5.7
80,21,5.7
81,21,5.7
82,21,5.7
83,21,5.7
84,21,5.7
85,21,5.7
86,21,5.7
87,21,5.7
88,21,5.7
89,21,5.7
90,21,5.7
91,21,5.7
92,21,5.7
93,21,5.7
94,21,5.7
95,21,5.7
96,21,5.7
97,21,5.7
98,21,4.1
99,21,4.1
0,22,6.9
1,22,6.9
2,22,6.9
3,22,6.9
4,22,6.9
5,22,6.9
6,22,6.9
7,22,6.9
8,22,6.9
9,22,6.9
10,22,6.9
11,22,6.9
12,22,6.9
13,22,6.9
14,22,6.9
15,22,6.9
16,22,6.9
17,22,6.9
18,22,6.9
19,22,5.0
20,22,5.0
21,22,5.0
22,22,5.0
23,22,5.0
24,22,5.0
25,22,5.0
26,22,
27,22,
28,22,
29,22,
30,22,5.0
31,22,5.0
32,22,5.0
33,22,5.0
34,22,5.0
35,22,5.0
36,22,5.0
37,22,5.0
38,22,3.8
39,22,3.8
40,22,3.8
41,22,3.8
42,22,3.8
43,22,3.8
44,22,3.8
45,22,3.8
46,22,3.8
47,22,5.2
48,22,5.2
49,22,5.2
50,22,5.2
51,22,5.2
52,22,5.2
53,22,5.2
54,22,4.9
55,22,4.9
56,22,4.9
57,22,5.4
58,22,5.4
59,22,5.4
60,22,5.4
61,22,5.4
62,22,5.4
63,22,5.4
64,22,5.1
65,22,5.1
66,22,5.1
67,22,5.1
68,22,5.1
69,22,5.1
70,22,5.1
71,22,5.1
72,22,5.7
73,22,5.7
74,22,5.7
75,22,5.7
76,22,5.7
77,22,5.7
78,22,5.7
79,22,5.7
80,22,5.7
81,22,5.7
82,22,5.7
83,22,5.7
84,22,5.7
85,22,5.7
86,22,5.7
87,22,5.7
88,22,5.7
89,22,5.7
90,22,5.7
91,22,5.7
92,22,5.7
93,22,5.7
94,22,5.7
95,22,5.7
96,22,5.7
97,22,4.1
98,22,4.1
99,22,4.1
0,23,6.9
1,23,6.9
2,23,6.9
3,23,6.9
4,23,6.9
5,23,6.9
6,23,6.9
7,23,6.9
8,23,6.9
9,23,6.9
10,23,6.9
11,23,6.9
12,23,6.9
13,23,6.9
14,23,6.9
15,23,6.9
16,23,6.9
17,23,6.9
18,23,6.9
19,23,5.0
20,23,5.0
21,23,5.0
22,23,5.0
23,23,5.0
24,23,5.0
25,23,5.0
26,23,
27,23,
28,23,
29,23,3.9
30,23,3.9
31,23,5.0
32,23,5.0
33,23,5.0
34,23,5.0
35,23,5.0
36,23,5.0
37,23,3.5
38,23,3.5
39,23,3.8
40,23,3.8
41,23,3.8
42,23,3.8
43,23,3.8
44,23,3.8
45,23,3.8
46,23,3.8
47,23,5.2
48,23,5.2
49,23,5.2
50,23,5.2
51,23,5.2
52,23,5.2
53,23,4.9
54,23,4.9
55,23,4.9
56,23,4.9
57,23,5.4
58,23,5.4
59,23,5.4
60,23,5.4
61,23,5.4
62,23,5.4
63,23,5.4
64,23,5.1
65,23,5.1
66,23,5.1
67,23,5.1
68,23,5.1
69,23,5.1
70,23,5.1
71,23,5.7
72,23,5.7
73,23,5.7
74,23,5.7
75,23,5.7
76,23,5.7
77,23,5.7
78,23,5.7
79,23,5.7
80,23,5.7
81,23,5.7
82,23,5.7
83,23,5.7
84,23,5.7
85,23,5.7
86,23,5.7
87,23,5.7
88,23,5.7
89,23,5.7
90,23,5.7
91,23,5.7
92,23,5.7
93,23,5.7
94,23,5.7
95,23,4.1
96,23,4.1
97,23,4.1
98,23,4.1
99,23,4.1
0,24,6.9
1,24,6.9
2,24,6.9
3,24,6.9
4,24,6.9
5,24,6.9
6,24,6.9
7,24,6.9
8,24,6.9
9,24,6.9
10,24,6.9
11,24,6.9
12,24,6.9
13,24,6.9
14,24,6.9
15,24,6.9
16,24,6.9
17,24,6.9
18,24,6.9
19,24,5.0
20,24,5.0
21,24,5.0
22,24,5.0
23,24,5.0
24,24,5.0
25,24,5.0
26,24,
27,24,
28,24,
29,24,3.9
30,24,3.9
31,24,3.9
32,24,5.0
33,24,5.0
34,24,5.0
35,24,5.0
36,24,3.5
37,24,3.5
38,24,3.5
39,24,3.8
40,24,3.8
41,24,3.8
42,24,3.8
43,24,3.8
44,24,3.8
45,24,3.8
46,24,3.8
47,24,5.2
48,24,5.2
49,24,5.2
50,24,5.2
51,24,5.2
52,24,5.2
53,24,4.9
54,24,4.9
55,24,4.9
56,24,4.9
57,24,5.4
58,24,5.4
59,24,5.4
60,24,5.4
61,24,5.4
62,24,5.4
63,24,5.4
64,24,5.1
65,24,5.1
66,24,5.1
67,24,5.1
68,24,5.1
69,24,5.1
70,24,5.1
71,24,5.7
72,24,5.7
73,24,5.7
74,24,5.7
75,24,5.7
76,24,5.7
77,24,5.7
78,24,5.7
79,24,5.7
80,24,5.7
81,24,5.7
82,24,5.7
83,24,5.7
84,24,5.7
85,24,5.7
86,24,5.7
87,24,5.7
88,24,5.7
89,24,5.7
90,24,5.7
91,24,5.7
92,24,5.7
93,24,5.7
94,24,4.1
95,24,4.1
96,24,4.1
97,24,4.1
98,24,4.1
99,24,4.1
0,25,6.9
1,25,6.9
2,25,6.9
3,25,6.9
4,25,6.9
5,25,6.9
6,25,6.9
7,25,6.9
8,25,6.9
9,25,6.9
10,25,6.9
11,25,6.9
12,25,6.9
13,25,6.9
14,25,6.9
15,25,6.9
16,25,6.9
17,25,6.9
18,25,6.9
19,25,5.0
20,25,5.0
21,25,5.0
22,25,5.0
23,25,5.0
24,25,5.0
25,25,5.0
26,25,5.0
27,25,
28,25,
29,25,3.9
30,25,3.9
31,25,3.9
32,25,3.9
33,25,4.2
34,25,4.2
35,25,4.2
36,25,3.5
37,25,3.5
38,25,3.5
39,25,3.8
40,25,3.8
41,25,3.8
42,25,3.8
43,25,3.8
44,25,3.8
45,25,3.8
46,25,3.8
47,25,5.2
48,25,5.2
49,25,5.2
50,25,5.2
51,25,5.2
52,25,5.2
53,25,4.9
54,25,4.9
55,25,4.9
56,25,4.9
57,25,5.4
58,25,5.4
59,25,5.4
60,25,5.4
61,25,5.4
62,25,5.4
63,25,5.1
64,25,5.1
65,25,5.1
66,25,5.1
67,25,5.1
68,25,5.1
69,25,5.1
70,25,5.1
71,25,5.7
72,25,5.7
73,25,5.7
74,25,5.7
75,25,5.7
76,25,5.7
77,25,5.7
78,25,5.7
79,25,5.7
80,25,5.7
81,25,5.7
82,25,5.7
83,25,5.7
84,25,5.7
85,25,5.7
86,25,5.7
87,25,5.7
88,25,5.7
89,25,5.7
90,25,5.7
91,25,5.7
92,25,5.7
93,25,4.1
94,25,4.1
95,25,4.1
96,25,4.1
97,25,4.1
98,25,4.1
99,25,4.1
0,26,6.9
1,26,6.9
2,26,6.9
3,26,6.9
4,26,6.9
5,26,6.9
6,26,6.9
7,26,6.9
8,26,6.9
9,26,6.9
10,26,6.9
11,26,6.9
12,26,6.9
13,26,6.9
14,26,6.9
15,26,6.9
16,26,6.9
17,26,6.9
18,26,6.9
19,26,5.0
20,26,5.0
21,26,5.0
22,26,5.0
23,26,5.0
24,26,5.0
25,26,5.0
26,26,5.0
27,26,
28,26,
29,26,3.9
30,26,3.9
31,26,3.9
32,26,3.9
33,26,4.2
34,26,4.2
35,26,4.2
36,26,3.5
37,26,3.5
38,26,3.5
39,26,3.8
40,26,3.8
41,26,3.8
42,26,3.8
43,26,3.8
44,26,3.8
45,26,3.8
46,26,5.2
47,26,5.2
48,26,5.2
49,26,5.2
50,26,5.2
51,26,5.2
52,26,4.9
53,26,4.9
54,26,4.9
55,26,4.9
56,26,4.9
57,26,5.4
58,26,5.4
59,26,5.4
60,26,5.4
61,26,5.4
62,26,5.4
63,26,5.1
64,26,5.1
65,26,5.1
66,26,5.1
67,26,5.1
68,26,5.1
69,26,5.1
70,26,5.7
71,26,5.7
72,26,5.7
73,26,5.7
74,26,5.7
75,26,5.7
76,26,5.7
77,26,5.7
78,26,5.7
79,26,5.7
80,26,5.7
81,26,5.7
82,26,5.7
83,26,5.7
84,26,5.7
85,26,5.7
86,26,5.7
87,26,5.7
88,26,5.7
89,26,5.7
90,26,5.7
91,26,5.7
92,26,4.1
93,26,4.1
94,26,4.1
95,26,4.1
96,26,4.1
97,26,4.1
98,26,4.1
99,26,4.1
0,27,6.9
1,27,6.9
2,27,6.9
3,27,6.9
4,27,6.9
5,27,6.9
6,27,6.9
7,27,6.9
8,27,6.9
9,27,6.9
10,27,6.9
11,27,6.9
12,27,6.9
13,27,6.9
14,27,6.9
15,27,6.9
16,27,6.9
17,27,6.9
18,27,6.9
19,27,6.9
20,27,5.0
21,27,5.0
22,27,5.0
23,27,5.0
24,27,5.0
25,27,5.0
26,27,5.0
27,27,
28,27,3.9
29,27,3.9
30,27,3.9
31,27,3.9
32,27,4.2
33,27,4.2
34,27,4.2
35,27,4.2
36,27,3.5
37,27,3.5
38,27,3.5
39,27,3.8
40,27,3.8
41,27,3.8
42,27,3.8
43,27,3.8
44,27,3.8
45,27,3.8
46,27,5.2
47,27,5.2
48,27,5.2
49,27,5.2
50,27,5.2
51,27,5.2
52,27,4.9
53,27,4.9
54,27,4.9
55,27,4.9
56,27,4.9
57,27,5.4
58,27,5.4
59,27,5.4
60,27,5.4
61,27,5.4
62,27,5.4
63,27,5.1
64,27,5.1
65,27,5.1
66,27,5.1
67,27,5.1
68,27,5.1
69,27,5.1
70,27,5.7
71,27,5.7
72,27,5.7
73,27,5.7
74,27,5.7
75,27,5.7
76,27,5.7
77,27,5.7
78,27,5.7
79,27,5.7
80,27,5.7
81,27,5.7
82,27,5.7
83,27,5.7
84,27,5.7
85,27,5.7
86,27,5.7
87,27,5.7
88,27,5.7
89,27,5.7
90,27,4.1
91,27,4.1
92,27,4.1
93,27,4.1
94,27,4.1
95,27,4.1
96,27,4.1
97,27,4.1
98,27,4.1
99,27,4.1
0,28,6.9
1,28,6.9
2,28,6.9
3,28,6.9
4,28,6.9
5,28,6.9
6,28,6.9
7,28,6.9
8,28,6.9
9,28,6.9
10,28,6.9
11,28,6.9
12,28,6.9
13,28,6.9
14,28,6.9
15,28,6.9
16,28,6.9
17,28,6.9
18,28,6.9
19,28,6.9
20,28,5.0
21,28,5.0
22,28,5.0
23,28,5.0
24,28,5.0
25,28,5.0
26,28,4.8
27,28,4.8
28,28,4.8
29,28,3.9
30,28,3.9
31,28,3.9
32,28,4.2
33,28,4.2
34,28,4.2
35,28,3.5
36,28,3.5
37,28,3.5
38,28,3.5
39,28,4.2
40,28,4.2
41,28,3.8
42,28,3.8
43,28,3.8
44,28,3.8
45,28,3.8
46,28,5.2
47,28,5.2
48,28,5.2
49,28,5.2
50,28,5.2
51,28,5.2
52,28,4.9
53,28,4.9
54,28,4.9
55,28,4.9
56,28,4.9
57,28,5.4
58,28,5.4
59,28,5.4
60,28,5.4
61,28,5.4
62,28,5.4
63,28,5.1
64,28,5.1
65,28,5.1
66,28,5.1
67,28,5.1
68,28,5.1
69,28,5.7
70,28,5.7
71,28,5.7
72,28,5.7
73,28,5.7
74,28,5.7
75,28,5.7
76,28,5.7
77,28,5.7
78,28,5.7
79,28,5.7
80,28,5.7
81,28,5.7
82,28,5.7
83,28,5.7
84,28,5.7
85,28,5.7
86,28,5.7
87,28,5.7
88,28,5.7
89,28,4.1
90,28,4.1
91,28,4.1
92,28,4.1
93,28,4.1
94,28,4.1
95,28,4.1
96,28,4.1
97,28,4.1
98,28,4.1
99,28,4.1
0,29,6.9
1,29,6.9
2,29,6.9
3,29,6.9
4,29,6.9
5,29,6.9
6,29,6.9
7,29,6.9
8,29,6.9
9,29,6.9
10,29,6.9
11,29,6.9
12,29,6.9
13,29,6.9
14,29,6.9
15,29,6.9
16,29,6.9
17,29,6.9
18,29,6.9
19,29,6.9
20,29,5.0
21,29,5.0
22,29,5.0
23,29,4.8
24,29,4.8
25,29,4.8
26,29,4.8
27,29,4.8
28,29,4.8
29,29,4.8
30,29,3.9
31,29,3.9
32,29,4.2
33,29,4.2
34,29,4.2
35,29,3.5
36,29,3.5
37,29,3.5
38,29,3.5
39,29,4.2
40,29,4.2
41,29,4.2
42,29,4.2
43,29,3.8
44,29,3.8
45,29,3.8
46,29,5.2
47,29,5.2
48,29,5.2
49,29,5.2
50,29,5.2
51,29,4.9
52,29,4.9
53,29,4.9
54,29,4.9
55,29,4.9
56,29,4.9
57,29,5.4
58,29,5.4
59,29,5.4
60,29,5.4
61,29,5.4
62,29,5.4
63,29,5.1
64,29,5.1
65,29,5.1
66,29,5.1
67,29,5.1
68,29,5.1
69,29,5.7
70,29,5.7
71,29,5.7
72,29,5.7
73,29,5.7
74,29,5.7
75,29,5.7
76,29,5.7
77,29,5.7
78,29,5.7
79,29,5.7
80,29,5.7
81,29,5.7
82,29,5.7
83,29,5.7
84,29,5.7
85,29,5.7
86,29,5.7
87,29,5.7
88,29,4.1
89,29,4.1
90,29,4.1
91,29,4.1
92,29,4.1
93,29,4.1
94,29,4.1
95,29,4.1
96,29,4.1
97,29,4.1
98,29,4.1
99,29,4.1
0,30,6.9
1,30,6.9
2,30,6.9
3,30,6.9
4,30,6.9
5,30,6.9
6,30,6.9
7,30,6.9
8,30,6.9
9,30,6.9
10,30,6.9
11,30,6.9
12,30,6.9
13,30,6.9
14,30,6.9
15,30,6.9
16,30,6.9
17,30,6.9
18,30,6.9
19,30,6.9
20,30,5.0
21,30,4.8
22,30,4.8
23,30,4.8
24,30,4.8
25,30,4.8
26,30,4.8
27,30,4.8
28,30,4.8
29,30,4.8
30,30,4.8
31,30,4.2
32,30,4.2
33,30,4.2
34,30,4.2
35,30,3.5
36,30,3.5
37,30,3.5
38,30,3.5
39,30,4.2
40,30,4.2
41,30,4.2
42,30,4.2
43,30,4.2
44,30,4.2
45,30,3.8
46,30,5.2
47,30,5.2
48,30,5.2
49,30,5.2
50,30,5.2
51,30,4.9
52,30,4.9
53,30,4.9
54,30,4.9
55,30,4.9
56,30,4.9
57,30,5.4
58,30,5.4
59,30,5.4
60,30,5.4
61,30,5.4
62,30,5.1
63,30,5.1
64,30,5.1
65,30,5.1
66,30,5.1
67,30,5.1
68,30,5.1
69,30,5.7
70,30,5.7
71,30,5.7
72,30,5.7
73,30,5.7
74,30,5.7
75,30,5.7
76,30,5.7
77,30,5.7
78,30,5.7
79,30,5.7
80,30,5.7
81,30,5.7
82,30,5.7
83,30,5.7
84,30,5.7
85,30,5.7
86,30,5.7
87,30,4.1
88,30,4.1
89,30,4.1
90,30,4.1
91,30,4.1
92,30,4.1
93,30,4.1
94,30,4.1
95,30,4.1
96,30,4.1
97,30,4.1
98,30,4.1
99,30,4.1
0,31,6.9
1,31,6.9
2,31,6.9
3,31,6.9
4,31,6.9
5,31,6.9
6,31,6.9
7,31,6.9
8,31,6.9
9,31,6.9
10,31,6.9
11,31,6.9
12,31,6.9
13,31,6.9
14,31,6.9
15,31,6.9
16,31,6.9
17,31,6.9
18,31,6.9
19,31,6.9
20,31,
21,31,4.8
22,31,4.8
23,31,4.8
24,31,4.8
25,31,4.8
26,31,4.8
27,31,4.8
28,31,4.8
29,31,4.8
30,31,4.8
31,31,4.8
32,31,4.2
33,31,4.2
34,31,4.2
35,31,3.5
36,31,3.5
37,31,3.5
38,31,4.2
39,31,4.2
40,31,4.2
41,31,4.2
42,31,4.2
43,31,4.2
44,31,2.0
45,31,2.0
46,31,4.3
47,31,4.3
48,31,5.2
49,31,5.2
50,31,5.2
51,31,4.9
52,31,4.9
53,31,4.9
54,31,4.9
55,31,4.9
56,31,4.9
57,31,5.4
58,31,5.4
59,31,5.4
60,31,5.4
61,31,5.4
62,31,5.1
63,31,5.1
64,31,5.1
65,31,5.1
66,31,5.1
67,31,5.1
68,31,5.7
69,31,5.7
70,31,5.7
71,31,5.7
72,31,5.7
73,31,5.7
74,31,5.7
75,31,5.7
76,31,5.7
77,31,5.7
78,31,5.7
79,31,5.7
80,31,5.7
81,31,5.7
82,31,5.7
83,31,5.7
84,31,5.7
85,31,4.1
86,31,4.1
87,31,4.1
88,31,4.1
89,31,4.1
90,31,4.1
91,31,4.1
92,31,4.1
93,31,4.1
94,31,4.1
95,31,4.1
96,31,4.1
97,31,4.1
98,31,4.1
99,31,4.1
0,32,6.9
1,32,6.9
2,32,6.9
3,32,6.9
4,32,6.9
5,32,6.9
6,32,6.9
7,32,6.9
8,32,6.9
9,32,6.9
10,32,6.9
11,32,6.9
12,32,6.9
13,32,6.9
14,32,6.9
15,32,6.9
16,32,6.9
17,32,6.9
18,32,6.9
19,32,6.9
20,32,
21,32,
22,32,
23,32,4.8
24,32,4.8
25,32,4.8
26,32,4.8
27,32,4.8
28,32,4.8
29,32,4.8
30,32,4.8
31,32,4.8
32,32,4.2
33,32,4.2
34,32,3.5
35,32,3.5
36,32,3.5
37,32,3.5
38,32,4.2
39,32,4.2
40,32,4.2
41,32,4.2
42,32,4.2
43,32,2.0
44,32,2.0
45,32,2.0
46,32,4.3
47,32,4.3
48,32,4.3
49,32,4.3
50,32,4.3
51,32,4.9
52,32,4.9
53,32,4.9
54,32,4.9
55,32,4.9
56,32,4.9
57,32,5.4
58,32,5.4
59,32,5.4
60,32,5.4
61,32,5.4
62,32,5.1
63,32,5.1
64,32,5.1
65,32,5.1
66,32,5.1
67,32,5.1
68,32,5.7
69,32,5.7
70,32,5.7
71,32,5.7
72,32,5.7
73,32,5.7
74,32,5.7
75,32,5.7
76,32,5.7
77,32,5.7
78,32,5.7
79,32,5.7
80,32,5.7
81,32,5.7
82,32,5.7
83,32,5.7
84,32,4.1
85,32,4.1
86,32,4.1
87,32,4.1
88,32,4.1
89,32,4.1
90,32,4.1
91,32,4.1
92,32,4.1
93,32,4.1
94,32,4.1
95,32,4.1
96,32,4.1
97,32,4.1
98,32,4.1
99,32,4.1
0,33,6.9
1,33,6.9
2,33,6.9
3,33,6.9
4,33,6.9
5,33,6.9
6,33,6.9
7,33,6.9
8,33,6.9
9,33,6.9
10,33,6.9
11,33,6.9
12,33,6.9
13,33,6.9
14,33,6.9
15,33,6.9
16,33,6.9
17,33,6.9
18,33,6.9
19,33,
20,33,
21,33,
22,33,
23,33,
24,33,
25,33,
26,33,4.8
27,33,4.8
28,33,4.8
29,33,4.8
30,33,4.8
31,33,4.8
32,33,4.2
33,33,4.2
34,33,3.5
35,33,3.5
36,33,3.5
37,33,3.5
38,33,4.2
39,33,4.2
40,33,4.2
41,33,
42,33,2.0
43,33,2.0
44,33,2.0
45,33,2.0
46,33,4.3
47,33,4.3
48,33,4.3
49,33,4.3
50,33,4.3
51,33,4.9
52,33,4.9
53,33,4.9
54,33,4.9
55,33,4.9
56,33,4.9
57,33,5.4
58,33,5.4
59,33,5.4
60,33,5.4
61,33,5.4
62,33,5.1
63,33,5.1
64,33,5.1
65,33,5.1
66,33,5.1
67,33,5.7
68,33,5.7
69,33,5.7
70,33,5.7
71,33,5.7
72,33,5.7
73,33,5.7
74,33,5.7
75,33,5.7
76,33,5.7
77,33,5.7
78,33,5.7
79,33,5.7
80,33,5.7
81,33,5.7
82,33,5.7
83,33,4.1
84,33,4.1
85,33,4.1
86,33,4.1
87,33,4.1
88,33,4.1
89,33,4.1
90,33,4.1
91,33,4.1
92,33,4.1
93,33,4.1
94,33,4.1
95,33,4.1
96,33,4.1
97,33,4.1
98,33,4.1
99,33,4.1
0,34,6.9
1,34,6.9
2,34,6.9
3,34,6.9
4,34,6.9
5,34,6.9
6,34,6.9
7,34,6.9
8,34,6.9
9,34,6.9
10,34,6.9
11,34,6.9
12,34,6.9
13,34,6.9
14,34,6.9
15,34,6.9
16,34,6.9
17,34,6.9
18,34,6.9
19,34,
20,34,
21,34,
22,34,
23,34,
24,34,
25,34,
26,34,
27,34,
28,34,4.8
29,34,4.8
30,34,4.8
31,34,4.8
32,34,3.8
33,34,3.8
34,34,3.8
35,34,3.8
36,34,3.8
37,34,3.8
38,34,
39,34,
40,34,
41,34,
42,34,2.0
43,34,2.0
44,34,2.0
45,34,2.0
46,34,4.3
47,34,4.3
48,34,4.3
49,34,4.3
50,34,4.3
51,34,4.3
52,34,4.9
53,34,4.9
54,34,2.3
55,34,2.3
56,34,2.3
57,34,5.4
58,34,5.4
59,34,5.4
60,34,5.4
61,34,5.4
62,34,5.1
63,34,5.1
64,34,5.1
65,34,5.1
66,34,5.1
67,34,5.7
68,34,5.7
69,34,5.7
70,34,5.7
71,34,5.7
72,34,5.7
73,34,5.7
74,34,5.7
75,34,5.7
76,34,5.7
77,34,5.7
78,34,5.7
79,34,5.7
80,34,5.7
81,34,5.7
82,34,4.1
83,34,4.1
84,34,4.1
85,34,4.1
86,34,4.1
87,34,4.1
88,34,4.1
89,34,4.1
90,34,4.1
91,34,4.1
92,34,4.1
93,34,4.1
94,34,4.1
95,34,4.1
96,34,4.1
97,34,4.1
98,34,4.1
99,34,4.1
0,35,6.9
1,35,6.9
2,35,6.9
3,35,6.9
4,35,6.9
5,35,6.9
6,35,6.9
7,35,6.9
8,35,6.9
9,35,6.9
10,35,6.9
11,35,6.9
12,35,6.9
13,35,6.9
14,35,6.9
15,35,6.9
16,35,6.9
17,35,6.9
18,35,6.9
19,35,
20,35,
21,35,
22,35,
23,35,
24,35,
25,35,
26,35,
27,35,
28,35,
29,35,
30,35,4.8
31,35,3.3
32,35,3.8
33,35,3.8
34,35,3.8
35,35,3.8
36,35,3.8
37,35,3.8
38,35,
39,35,
40,35,
41,35,
42,35,2.0
43,35,2.0
44,35,2.0
45,35,2.0
46,35,4.3
47,35,4.3
48,35,4.3
49,35,4.3
50,35,4.3
51,35,4.3
52,35,2.3
53,35,2.3
54,35,2.3
55,35,2.3
56,35,2.3
57,35,2.3
58,35,5.4
59,35,5.4
60,35,5.4
61,35,4.9
62,35,5.1
63,35,5.1
64,35,5.1
65,35,5.1
66,35,4.3
67,35,5.7
68,35,5.7
69,35,5.7
70,35,5.7
71,35,5.7
72,35,5.7
73,35,5.7
74,35,5.7
75,35,5.7
76,35,5.7
77,35,5.7
78,35,5.7
79,35,5.7
80,35,4.1
81,35,4.1
82,35,4.1
83,35,4.1
84,35,4.1
85,35,4.1
86,35,4.1
87,35,4.1
88,35,4.1
89,35,4.1
90,35,4.1
91,35,4.1
92,35,4.1
93,35,4.1
94,35,4.1
95,35,4.1
96,35,4.1
97,35,4.1
98,35,4.1
99,35,4.1
0,36,6.9
1,36,6.9
2,36,6.9
3,36,6.9
4,36,6.9
5,36,6.9
6,36,6.9
7,36,6.9
8,36,6.9
9,36,6.9
10,36,6.9
11,36,6.9
12,36,6.9
13,36,6.9
14,36,6.9
15,36,6.9
16,36,6.9
17,36,6.9
18,36,
19,36,
20,36,
21,36,
22,36,
23,36,
24,36,
25,36,
26,36,
27,36,
28,36,
29,36,
30,36,3.3
31,36,3.3
32,36,3.8
33,36,3.8
34,36,3.8
35,36,3.8
36,36,3.8
37,36,3.8
38,36,3.8
39,36,
40,36,
41,36,
42,36,
43,36,2.0
44,36,2.0
45,36,2.0
46,36,2.0
47,36,4.3
48,36,4.3
49,36,4.3
50,36,4.3
51,36,2.3
52,36,2.3
53,36,2.3
54,36,2.3
55,36,2.3
56,36,2.3
57,36,2.3
58,36,2.3
59,36,4.9
60,36,4.9
61,36,4.9
62,36,4.9
63,36,4.9
64,36,4.9
65,36,4.9
66,36,4.3
67,36,4.3
68,36,5.7
69,36,5.7
70,36,5.7
71,36,5.7
72,36,5.7
73,36,5.7
74,36,5.7
75,36,5.7
76,36,5.7
77,36,5.7
78,36,5.7
79,36,4.1
80,36,4.1
81,36,4.1
82,36,4.1
83,36,4.1
84,36,4.1
85,36,4.1
86,36,4.1
87,36,4.1
88,36,4.1
89,36,4.1
90,36,4.1
91,36,4.1
92,36,4.1
93,36,4.1
94,36,4.1
95,36,4.1
96,36,4.1
97,36,4.1
98,36,4.1
99,36,4.1
0,37,6.9
1,37,6.9
2,37,6.9
3,37,6.9
4,37,6.9
5,37,6.9
6,37,6.9
7,37,6.9
8,37,6.9
9,37,6.9
10,37,6.9
11,37,6.9
12,37,6.9
13,37,6.9
14,37,6.9
15,37,6.9
16,37,6.9
17,37,6.9
18,37,
19,37,
20,37,
21,37,
22,37,
23,37,
24,37,
25,37,
26,37,
27,37,
28,37,
29,37,3.3
30,37,3.3
31,37,3.3
32,37,3.8
33,37,3.8
34,37,3.8
35,37,3.8
36,37,3.8
37,37,3.8
38,37,3.8
39,37,
40,37,
41,37,
42,37,
43,37,2.0
44,37,2.0
45,37,2.0
46,37,2.0
47,37,4.3
48,37,4.3
49,37,4.3
50,37,4.3
51,37,2.3
52,37,2.3
53,37,2.3
54,37,2.3
55,37,2.3
56,37,2.3
57,37,2.3
58,37,2.3
59,37,2.7
60,37,4.9
61,37,4.9
62,37,4.9
63,37,4.9
64,37,4.9
65,37,4.9
66,37,4.3
67,37,4.3
68,37,4.1
69,37,5.7
70,37,5.7
71,37,5.7
72,37,5.7
73,37,5.7
74,37,5.7
75,37,5.7
76,37,5.7
77,37,5.7
78,37,4.1
79,37,4.1
80,37,4.1
81,37,4.1
82,37,4.1
83,37,4.1
84,37,4.1
85,37,4.1
86,37,4.1
87,37,4.1
88,37,4.1
89,37,4.1
90,37,4.1
91,37,4.1
92,37,4.1
93,37,4.1
94,37,4.1
95,37,4.1
96,37,4.1
97,37,4.1
98,37,4.1
99,37,4.1
0,38,6.9
1,38,6.9
2,38,6.9
3,38,6.9
4,38,6.9
5,38,6.9
6,38,6.9
7,38,6.9
8,38,6.9
9,38,6.9
10,38,6.9
11,38,6.9
12,38,6.9
13,38,6.9
14,38,6.9
15,38,6.9
16,38,6.9
17,38,6.9
18,38,
19,38,
20,38,
21,38,
22,38,
23,38,
24,38,
25,38,
26,38,
27,38,
28,38,3.3
29,38,3.3
30,38,3.3
31,38,3.3
32,38,2.5
33,38,3.8
34,38,3.8
35,38,3.8
36,38,3.8
37,38,3.8
38,38,3.8
39,38,
40,38,
41,38,
42,38,
43,38,2.0
44,38,2.0
45,38,2.0
46,38,2.0
47,38,4.3
48,38,4.3
49,38,4.3
50,38,2.3
51,38,2.3
52,38,2.3
53,38,2.3
54,38,2.3
55,38,2.3
56,38,2.3
57,38,2.3
58,38,2.7
59,38,2.7
60,38,4.9
61,38,4.9
62,38,4.9
63,38,4.9
64,38,4.9
65,38,4.9
66,38,4.3
67,38,4.3
68,38,4.1
69,38,4.1
70,38,5.7
71,38,5.7
72,38,5.7
73,38,5.7
74,38,5.7
75,38,5.7
76,38,5.7
77,38,4.1
78,38,4.1
79,38,4.1
80,38,4.1
81,38,4.1
82,38,4.1
83,38,4.1
84,38,4.1
85,38,4.1
86,38,4.1
87,38,4.1
88,38,4.1
89,38,4.1
90,38,4.1
91,38,4.1
92,38,4.1
93,38,4.1
94,38,4.1
95,38,4.1
96,38,4.1
97,38,4.1
98,38,4.1
99,38,4.1
0,39,6.9
1,39,6.9
2,39,6.9
3,39,6.9
4,39,6.9
5,39,6.9
6,39,6.9
7,39,6.9
8,39,6.9
9,39,6.9
10,39,6.9
11,39,6.9
12,39,6.9
13,39,6.9
14,39,6.9
15,39,6.9
16,39,6.9
17,39,
18,39,
19,39,
20,39,
21,39,
22,39,
23,39,
24,39,
25,39,
26,39,
27,39,3.3
28,39,3.3
29,39,3.3
30,39,3.3
31,39,2.5
32,39,2.5
33,39,3.8
34,39,3.8
35,39,3.8
36,39,3.8
37,39,3.8
38,39,3.8
39,39,1.5
40,39,1.5
41,39,
42,39,
43,39,1.3
44,39,1.3
45,39,1.3
46,39,1.3
47,39,1.3
48,39,4.3
49,39,2.9
50,39,2.9
51,39,2.3
52,39,2.3
53,39,2.3
54,39,2.3
55,39,2.3
56,39,2.3
57,39,2.7
58,39,2.7
59,39,2.7
60,39,4.9
61,39,4.9
62,39,4.9
63,39,4.9
64,39,4.9
65,39,4.9
66,39,4.3
67,39,4.3
68,39,4.3
69,39,4.1
70,39,5.0
71,39,5.0
72,39,5.0
73,39,5.0
74,39,5.0
75,39,4.1
76,39,4.1
77,39,4.1
78,39,4.1
79,39,4.1
80,39,4.1
81,39,4.1
82,39,4.1
83,39,4.1
84,39,4.1
85,39,4.1
86,39,4.1
87,39,4.1
88,39,4.1
89,39,4.1
90,39,4.1
91,39,4.1
92,39,4.1
93,39,4.1
94,39,4.1
95,39,4.1
96,39,4.1
97,39,4.1
98,39,4.1
99,39,4.1
0,40,6.9
1,40,6.9
2,40,6.9
3,40,6.9
4,40,6.9
5,40,6.9
6,40,6.9
7,40,6.9
8,40,6.9
9,40,6.9
10,40,6.9
11,40,6.9
12,40,6.9
13,40,6.9
14,40,6.9
15,40,6.9
16,40,6.9
17,40,
18,40,
19,40,
20,40,
21,40,
22,40,
23,40,
24,40,
25,40,
26,40,
27,40,3.3
28,40,3.3
29,40,3.3
30,40,3.3
31,40,2.5
32,40,2.5
33,40,2.5
34,40,3.8
35,40,3.8
36,40,3.8
37,40,3.8
38,40,1.5
39,40,1.5
40,40,1.5
41,40,1.5
42,40,1.3
43,40,1.3
44,40,1.3
45,40,1.3
46,40,1.3
47,40,1.3
48,40,2.5
49,40,2.9
50,40,2.9
51,40,2.9
52,40,2.9
53,40,2.3
54,40,2.3
55,40,2.3
56,40,2.3
57,40,2.7
58,40,2.7
59,40,2.7
60,40,2.7
61,40,4.9
62,40,4.9
63,40,4.9
64,40,4.9
65,40,4.9
66,40,4.3
67,40,4.3
68,40,4.3
69,40,5.0
70,40,5.0
71,40,5.0
72,40,5.0
73,40,5.0
74,40,5.0
75,40,4.1
76,40,4.1
77,40,4.1
78,40,4.1
79,40,4.1
80,40,4.1
81,40,4.1
82,40,4.1
83,40,4.1
84,40,4.1
85,40,4.1
86,40,4.1
87,40,4.1
88,40,4.1
89,40,4.1
90,40,4.1
91,40,4.1
92,40,4.1
93,40,4.1
94,40,4.1
95,40,4.1
96,40,4.1
97,40,4.1
98,40,4.1
99,40,4.1
0,41,6.9
1,41,6.9
2,41,6.9
3,41,6.9
4,41,6.9
5,41,6.9
6,41,6.9
7,41,6.9
8,41,6.9
9,41,6.9
10,41,6.9
11,41,6.9
12,41,6.9
13,41,6.9
14,41,6.9
15,41,6.9
16,41,
17,41,
18,41,
19,41,
20,41,
21,41,
22,41,
23,41,
24,41,
25,41,
26,41,3.3
27,41,3.3
28,41,3.3
29,41,3.3
30,41,2.5
31,41,2.5
32,41,2.5
33,41,2.7
34,41,2.7
35,41,3.8
36,41,3.8
37,41,1.5
38,41,1.5
39,41,1.5
40,41,1.5
41,41,1.5
42,41,1.3
43,41,1.3
44,41,1.3
45,41,1.3
46,41,1.3
47,41,1.3
48,41,2.5
49,41,2.9
50,41,2.9
51,41,2.9
52,41,2.9
53,41,2.9
54,41,2.3
55,41,2.3
56,41,2.7
57,41,2.7
58,41,2.7
59,41,2.7
60,41,2.7
61,41,4.9
62,41,4.9
63,41,4.9
64,41,4.9
65,41,4.9
66,41,4.3
67,41,4.3
68,41,5.0
69,41,5.0
70,41,5.0
71,41,5.0
72,41,5.0
73,41,5.0
74,41,4.1
75,41,4.1
76,41,4.1
77,41,4.1
78,41,4.1
79,41,4.1
80,41,4.1
81,41,4.1
82,41,4.1
83,41,4.1
84,41,4.1
85,41,4.1
86,41,4.1
87,41,4.1
88,41,4.1
89,41,4.1
90,41,4.1
91,41,4.1
92,41,4.1
93,41,4.1
94,41,4.1
95,41,4.1
96,41,4.1
97,41,4.1
98,41,4.1
99,41,4.1
0,42,6.9
1,42,6.9
2,42,6.9
3,42,6.9
4,42,6.9
5,42,6.9
6,42,6.9
7,42,6.9
8,42,6.9
9,42,6.9
10,42,6.9
11,42,6.9
12,42,6.9
13,42,6.9
14,42,6.9
15,42,6.9
16,42,
17,42,
18,42,
19,42,
20,42,
21,42,
22,42,
23,42,
24,42,
25,42,3.3
26,42,3.3
27,42,3.3
28,42,3.3
29,42,3.3
30,42,2.5
31,42,2.5
32,42,2.7
33,42,2.7
34,42,2.7
35,42,2.7
36,42,2.6
37,42,1.5
38,42,1.5
39,42,1.5
40,42,1.5
41,42,1.5
42,42,1.3
43,42,1.3
44,42,1.3
45,42,1.3
46,42,1.3
47,42,2.5
48,42,2.5
49,42,2.5
50,42,2.9
51,42,2.9
52,42,2.9
53,42,2.9
54,42,2.9
55,42,2.3
56,42,2.7
57,42,2.7
58,42,2.7
59,42,2.7
60,42,2.7
61,42,4.9
62,42,4.9
63,42,4.9
64,42,2.7
65,42,2.7
66,42,2.7
67,42,4.3
68,42,5.0
69,42,5.0
70,42,5.0
71,42,5.0
72,42,5.0
73,42,4.1
74,42,4.1
75,42,4.1
76,42,4.1
77,42,4.1
78,42,4.1
79,42,4.1
80,42,4.1
81,42,4.1
82,42,4.1
83,42,4.1
84,42,4.1
85,42,4.1
86,42,4.1
87,42,4.1
88,42,4.1
89,42,4.1
90,42,4.1
91,42,4.1
92,42,4.1
93,42,4.1
94,42,4.1
95,42,4.1
96,42,4.1
97,42,4.1
98,42,4.1
99,42,4.1
0,43,6.9
1,43,6.9
2,43,6.9
3,43,6.9
4,43,6.9
5,43,6.9
6,43,6.9
7,43,6.9
8,43,6.9
9,43,6.9
10,43,6.9
11,43,6.9
12,43,6.9
13,43,6.9
14,43,6.9
15,43,6.9
16,43,
17,43,
18,43,
19,43,
20,43,
21,43,
22,43,
23,43,
24,43,3.3
25,43,3.3
26,43,3.3
27,43,3.3
28,43,3.3
29,43,3.3
30,43,2.5
31,43,2.5
32,43,2.7
33,43,2.7
34,43,2.7
35,43,2.6
36,43,2.6
37,43,1.5
38,43,1.5
39,43,1.5
40,43,1.5
41,43,1.3
42,43,1.3
43,43,1.3
44,43,1.3
45,43,1.3
46,43,1.3
47,43,2.5
48,43,2.5
49,43,2.5
50,43,2.9
51,43,2.9
52,43,2.9
53,43,2.9
54,43,2.9
55,43,2.6
56,43,2.6
57,43,2.7
58,43,2.7
59,43,2.7
60,43,2.7
61,43,2.7
62,43,2.7
63,43,2.7
64,43,2.7
65,43,2.7
66,43,2.7
67,43,2.7
68,43,5.0
69,43,5.0
70,43,5.0
71,43,5.0
72,43,5.0
73,43,4.1
74,43,4.1
75,43,4.1
76,43,4.1
77,43,4.1
78,43,4.1
79,43,4.1
80,43,4.1
81,43,4.1
82,43,4.1
83,43,4.1
84,43,4.1
85,43,4.1
86,43,4.1
87,43,4.1
88,43,4.1
89,43,4.1
90,43,4.1
91,43,4.1
92,43,4.1
93,43,4.1
94,43,4.1
95,43,4.1
96,43,4.1
97,43,4.1
98,43,4.1
99,43,4.1
0,44,6.9
1,44,6.9
2,44,6.9
3,44,6.9
4,44,6.9
5,44,6.9
6,44,6.9
7,44,6.9
8,44,6.9
9,44,6.9
10,44,6.9
11,44,6.9
12,44,6.9
13,44,6.9
14,44,6.9
15,44,
16,44,
17,44,
18,44,
19,44,
20,44,
21,44,
22,44,
23,44,3.3
24,44,3.3
25,44,3.3
26,44,3.3
27,44,3.3
28,44,3.3
29,44,2.5
30,44,2.5
31,44,2.7
32,44,2.7
33,44,2.7
34,44,2.6
35,44,2.6
36,44,2.6
37,44,2.6
38,44,1.5
39,44,1.5
40,44,1.5
41,44,1.3
42,44,1.3
43,44,1.3
44,44,1.3
45,44,1.3
46,44,1.3
47,44,2.5
48,44,2.5
49,44,2.5
50,44,2.5
51,44,2.9
52,44,2.9
53,44,2.9
54,44,2.6
55,44,2.6
56,44,2.6
57,44,2.6
58,44,2.7
59,44,2.7
60,44,2.7
61,44,2.7
62,44,2.7
63,44,2.7
64,44,2.7
65,44,2.7
66,44,2.7
67,44,2.7
68,44,2.7
69,44,5.0
70,44,5.0
71,44,5.0
72,44,4.1
73,44,4.1
74,44,4.1
75,44,4.1
76,44,4.1
77,44,4.1
78,44,4.1
79,44,4.1
80,44,4.1
81,44,4.1
82,44,4.1
83,44,4.1
84,44,4.1
85,44,4.1
86,44,4.1
87,44,4.1
88,44,4.1
89,44,4.1
90,44,4.1
91,44,4.1
92,44,4.1
93,44,4.1
94,44,4.1
95,44,4.1
96,44,4.1
97,44,4.1
98,44,4.1
99,44,4.1
0,45,6.9
1,45,6.9
2,45,6.9
3,45,6.9
4,45,6.9
5,45,6.9
6,45,6.9
7,45,6.9
8,45,6.9
9,45,6.9
10,45,6.9
11,45,6.9
12,45,6.9
13,45,6.9
14,45,6.9
15,45,
16,45,
17,45,
18,45,
19,45,
20,45,
21,45,
22,45,
23,45,3.3
24,45,3.3
25,45,3.3
26,45,3.3
27,45,3.3
28,45,3.3
29,45,2.5
30,45,2.7
31,45,2.7
32,45,2.7
33,45,2.7
34,45,2.6
35,45,2.6
36,45,2.6
37,45,2.6
38,45,1.5
39,45,1.5
40,45,1.1
41,45,1.1
42,45,1.1
43,45,1.3
44,45,1.3
45,45,1.3
46,45,-0.2
47,45,2.5
48,45,2.5
49,45,2.5
50,45,2.5
51,45,2.9
52,45,2.9
53,45,2.9
54,45,2.6
55,45,2.6
56,45,2.6
57,45,2.6
58,45,2.6
59,45,2.6
60,45,2.7
61,45,2.7
62,45,2.7
63,45,2.7
64,45,2.7
65,45,2.7
66,45,2.7
67,45,2.7
68,45,2.7
69,45,5.0
70,45,5.0
71,45,4.1
72,45,4.1
73,45,4.1
74,45,4.1
75,45,4.1
76,45,4.1
77,45,4.1
78,45,4.1
79,45,4.1
80,45,4.1
81,45,4.1
82,45,4.1
83,45,4.1
84,45,4.1
85,45,4.1
86,45,4.1
87,45,4.1
88,45,4.1
89,45,4.1
90,45,4.1
91,45,4.1
92,45,4.1
93,45,4.1
94,45,4.1
95,45,4.1
96,45,4.1
97,45,4.1
98,45,4.1
99,45,4.1
0,46,6.9
1,46,6.9
2,46,6.9
3,46,6.9
4,46,6.9
5,46,6.9
6,46,6.9
7,46,6.9
8,46,6.9
9,46,6.9
10,46,6.9
11,46,6.9
12,46,6.9
13,46,6.9
14,46,
15,46,
16,46,
17,46,
18,46,
19,46,
20,46,
21,46,
22,46,3.3
23,46,3.3
24,46,3.3
25,46,3.3
26,46,3.3
27,46,3.3
28,46,2.5
29,46,2.5
30,46,2.7
31,46,2.7
32,46,2.7
33,46,2.6
34,46,2.6
35,46,2.6
36,46,2.6
37,46,2.6
38,46,2.6
39,46,1.1
40,46,1.1
41,46,1.1
42,46,1.1
43,46,1.1
44,46,-0.2
45,46,-0.2
46,46,-0.2
47,46,-0.2
48,46,2.5
49,46,2.5
50,46,2.5
51,46,1.2
52,46,1.2
53,46,1.2
54,46,2.6
55,46,2.6
56,46,2.6
57,46,2.6
58,46,2.6
59,46,2.6
60,46,2.6
61,46,2.7
62,46,2.7
63,46,2.7
64,46,2.7
65,46,2.7
66,46,2.7
67,46,2.7
68,46,2.7
69,46,2.7
70,46,5.0
71,46,4.1
72,46,4.1
73,46,4.1
74,46,4.1
75,46,4.1
76,46,4.1
77,46,4.1
78,46,4.1
79,46,4.1
80,46,4.1
81,46,4.1
82,46,4.1
83,46,4.1
84,46,4.1
85,46,4.1
86,46,4.1
87,46,4.1
88,46,4.1
89,46,4.1
90,46,4.1
91,46,4.1
92,46,4.1
93,46,4.1
94,46,4.1
95,46,4.1
96,46,4.1
97,46,4.1
98,46,4.1
99,46,4.1
0,47,6.9
1,47,6.9
2,47,6.9
3,47,6.9
4,47,6.9
5,47,6.9
6,47,6.9
7,47,6.9
8,47,6.9
9,47,6.9
10,47,6.9
11,47,6.9
12,47,6.9
13,47,6.9
14,47,
15,47,
16,47,
17,47,
18,47,
19,47,
20,47,
21,47,3.3
22,47,3.3
23,47,3.3
24,47,3.3
25,47,3.3
26,47,3.3
27,47,3.3
28,47,3.3
29,47,3.3
30,47,3.3
31,47,3.3
32,47,3.3
33,47,3.3
34,47,2.6
35,47,2.6
36,47,2.6
37,47,2.6
38,47,2.6
39,47,1.1
40,47,1.1
41,47,1.1
42,47,1.1
43,47,1.1
44,47,-0.2
45,47,-0.2
46,47,-0.2
47,47,-0.2
48,47,2.5
49,47,2.5
50,47,1.2
51,47,1.2
52,47,1.2
53,47,1.2
54,47,2.6
55,47,2.6
56,47,2.6
57,47,2.6
58,47,2.6
59,47,2.6
60,47,2.6
61,47,3.5
62,47,3.5
63,47,2.7
64,47,2.7
65,47,2.7
66,47,2.7
67,47,2.7
68,47,2.7
69,47,2.7
70,47,3.2
71,47,3.2
72,47,4.1
73,47,4.1
74,47,4.1
75,47,4.1
76,47,4.1
77,47,4.1
78,47,4.1
79,47,4.1
80,47,4.1
81,47,4.1
82,47,4.1
83,47,4.1
84,47,4.1
85,47,4.1
86,47,4.1
87,47,4.1
88,47,4.1
89,47,4.1
90,47,4.1
91,47,4.1
92,47,4.1
93,47,4.1
94,47,4.1
95,47,4.1
96,47,4.1
97,47,4.1
98,47,4.1
99,47,4.1
0,48,6.9
1,48,6.9
2,48,6.9
3,48,6.9
4,48,6.9
5,48,6.9
6,48,6.9
7,48,6.9
8,48,6.9
9,48,6.9
10,48,6.9
11,48,6.9
12,48,6.9
13,48,6.9
14,48,
15,48,
16,48,
17,48,
18,48,
19,48,
20,48,3.3
21,48,3.3
22,48,3.3
23,48,3.3
24,48,3.3
25,48,3.3
26,48,3.3
27,48,3.3
28,48,3.3
29,48,3.3
30,48,3.3
31,48,3.3
32,48,3.3
33,48,3.3
34,48,3.3
35,48,2.6
36,48,2.6
37,48,2.6
38,48,3.0
39,48,3.0
40,48,1.1
41,48,1.1
42,48,1.1
43,48,1.1
44,48,-0.2
45,48,-0.2
46,48,-0.2
47,48,-0.2
48,48,-0.2
49,48,2.5
50,48,1.2
51,48,1.2
52,48,1.2
53,48,1.2
54,48,1.2
55,48,2.6
56,48,2.6
57,48,2.6
58,48,2.6
59,48,2.6
60,48,2.6
61,48,3.5
62,48,3.5
63,48,3.5
64,48,3.5
65,48,3.5
66,48,2.7
67,48,2.7
68,48,2.7
69,48,3.2
70,48,3.2
71,48,3.2
72,48,3.2
73,48,4.1
74,48,4.1
75,48,4.1
76,48,4.1
77,48,4.1
78,48,4.1
79,48,4.1
80,48,4.1
81,48,4.1
82,48,4.1
83,48,4.1
84,48,4.1
85,48,4.1
86,48,4.1
87,48,4.1
88,48,4.1
89,48,4.1
90,48,4.1
91,48,4.1
92,48,4.1
93,48,4.1
94,48,4.1
95,48,4.1
96,48,4.1
97,48,4.6
98,48,4.6
99,48,4.6
0,49,6.9
1,49,6.9
2,49,6.9
3,49,6.9
4,49,6.9
5,49,6.9
6,49,6.9
7,49,6.9
8,49,6.9
9,49,6.9
10,49,6.9
11,49,6.9
12,49,6.9
13,49,
14,49,
15,49,
16,49,
17,49,
18,49,
19,49,
20,49,3.3
21,49,3.3
22,49,3.3
23,49,3.3
24,49,3.3
25,49,3.3
26,49,3.3
27,49,3.3
28,49,3.3
29,49,3.3
30,49,3.3
31,49,3.3
32,49,3.3
33,49,3.3
34,49,3.3
35,49,3.3
36,49,2.6
37,49,3.0
38,49,3.0
39,49,3.0
40,49,3.0
41,49,1.1
42,49,1.1
43,49,1.1
44,49,-0.2
45,49,-0.2
46,49,-0.2
47,49,-0.2
48,49,-0.2
49,49,1.2
50,49,1.2
51,49,1.2
52,49,1.2
53,49,1.2
54,49,1.2
55,49,2.6
56,49,2.6
57,49,2.6
58,49,2.6
59,49,2.6
60,49,3.5
61,49,3.5
62,49,3.5
63,49,3.5
64,49,3.5
65,49,3.5
66,49,3.5
67,49,3.5
68,49,2.4
69,49,3.2
70,49,3.2
71,49,3.2
72,49,3.2
73,49,3.2
74,49,3.2
75,49,4.1
76,49,4.1
77,49,4.1
78,49,4.1
79,49,4.1
80,49,4.1
81,49,4.1
82,49,4.1
83,49,4.1
84,49,4.1
85,49,4.1
86,49,4.1
87,49,4.1
88,49,4.1
89,49,4.6
90,49,4.6
91,49,4.6
92,49,4.6
93,49,4.6
94,49,4.6
95,49,4.6
96,49,4.6
97,49,4.6
98,49,4.6
99,49,4.6
0,50,6.9
1,50,6.9
2,50,6.9
3,50,6.9
4,50,6.9
5,50,6.9
6,50,6.9
7,50,6.9
8,50,6.9
9,50,6.9
10,50,6.9
11,50,6.9
12,50,6.9
13,50,
14,50,
15,50,
16,50,
17,50,
18,50,
19,50,3.3
20,50,3.3
21,50,3.3
22,50,3.3
23,50,3.3
24,50,3.3
25,50,3.3
26,50,3.3
27,50,3.3
28,50,3.3
29,50,3.3
30,50,3.3
31,50,3.3
32,50,3.3
33,50,3.3
34,50,3.3
35,50,3.3
36,50,3.3
37,50,3.0
38,50,3.0
39,50,3.0
40,50,3.0
41,50,3.0
42,50,3.0
43,50,1.1
44,50,-0.2
45,50,-0.2
46,50,-0.2
47,50,-0.2
48,50,-0.2
49,50,1.2
50,50,1.2
51,50,1.2
52,50,1.2
53,50,1.2
54,50,1.2
55,50,2.6
56,50,2.6
57,50,2.6
58,50,2.6
59,50,2.6
60,50,3.5
61,50,3.5
62,50,3.5
63,50,3.5
64,50,3.5
65,50,3.5
66,50,3.5
67,50,3.5
68,50,2.4
69,50,2.4
70,50,3.2
71,50,3.2
72,50,3.2
73,50,3.2
74,50,3.2
75,50,3.2
76,50,4.1
77,50,4.1
78,50,4.1
79,50,4.1
80,50,4.1
81,50,4.6
82,50,4.6
83,50,4.6
84,50,4.6
85,50,4.6
86,50,4.6
87,50,4.6
88,50,4.6
89,50,4.6
90,50,4.6
91,50,4.6
92,50,4.6
93,50,4.6
94,50,4.6
95,50,4.6
96,50,4.6
97,50,4.6
98,50,4.6
99,50,4.6
0,51,6.9
1,51,6.9
2,51,6.9
3,51,6.9
4,51,6.9
5,51,6.9
6,51,6.9
7,51,6.9
8,51,6.9
9,51,6.9
10,51,6.9
11,51,6.9
12,51,
13,51,
14,51,
15,51,
16,51,
17,51,
18,51,3.3
19,51,3.3
20,51,3.3
21,51,3.3
22,51,3.3
23,51,3.3
24,51,3.3
25,51,3.3
26,51,3.3
27,51,3.3
28,51,3.3
29,51,3.3
30,51,3.3
31,51,3.3
32,51,3.3
33,51,3.3
34,51,3.3
35,51,3.3
36,51,3.0
37,51,3.0
38,51,3.0
39,51,3.0
40,51,3.0
41,51,3.0
42,51,3.0
43,51,3.0
44,51,-0.2
45,51,-0.2
46,51,-0.2
47,51,-0.2
48,51,-0.2
49,51,1.2
50,51,1.2
51,51,1.2
52,51,1.2
53,51,1.2
54,51,1.2
55,51,1.2
56,51,2.6
57,51,2.6
58,51,2.6
59,51,3.5
60,51,3.5
61,51,3.5
62,51,3.5
63,51,3.5
64,51,3.5
65,51,3.5
66,51,3.5
67,51,2.4
68,51,2.4
69,51,2.4
70,51,3.2
71,51,3.2
72,51,3.2
73,51,3.2
74,51,3.2
75,51,3.2
76,51,4.6
77,51,4.6
78,51,4.6
79,51,4.6
80,51,4.6
81,51,4.6
82,51,4.6
83,51,4.6
84,51,4.6
85,51,4.6
86,51,4.6
87,51,4.6
88,51,4.6
89,51,4.6
90,51,4.6
91,51,4.6
92,51,4.6
93,51,4.6
94,51,4.6
95,51,4.6
96,51,4.6
97,51,4.6
98,51,4.6
99,51,4.6
0,52,6.9
1,52,6.9
2,52,6.9
3,52,6.9
4,52,6.9
5,52,6.9
6,52,6.9
7,52,6.9
8,52,6.9
9,52,6.9
10,52,6.9
11,52,6.9
12,52,
13,52,
14,52,
15,52,
16,52,
17,52,2.9
18,52,2.9
19,52,2.9
20,52,2.9
21,52,2.9
22,52,2.5
23,52,2.5
24,52,2.5
25,52,2.5
26,52,2.5
27,52,2.5
28,52,2.5
29,52,2.5
30,52,2.5
31,52,2.5
32,52,2.5
33,52,2.5
34,52,2.5
35,52,2.5
36,52,3.0
37,52,3.0
38,52,3.0
39,52,3.0
40,52,3.0
41,52,3.0
42,52,3.0
43,52,3.0
44,52,-0.2
45,52,-0.2
46,52,-0.2
47,52,-0.2
48,52,-0.2
49,52,1.2
50,52,1.2
51,52,1.2
52,52,1.2
53,52,1.2
54,52,1.2
55,52,1.2
56,52,2.8
57,52,2.8
58,52,2.8
59,52,2.8
60,52,
61,52,
62,52,
63,52,
64,52,3.5
65,52,3.5
66,52,3.5
67,52,2.4
68,52,2.4
69,52,2.4
70,52,2.4
71,52,3.2
72,52,3.2
73,52,3.2
74,52,3.2
75,52,4.6
76,52,4.6
77,52,4.6
78,52,4.6
79,52,4.6
80,52,4.6
81,52,4.6
82,52,4.6
83,52,4.6
84,52,4.6
85,52,4.6
86,52,4.6
87,52,4.6
88,52,4.6
89,52,4.6
90,52,4.6
91,52,4.6
92,52,4.6
93,52,4.6
94,52,4.6
95,52,4.6
96,52,4.6
97,52,4.6
98,52,4.6
99,52,4.6
0,53,6.9
1,53,6.9
2,53,6.9
3,53,6.9
4,53,6.9
5,53,6.9
6,53,6.9
7,53,6.9
8,53,6.9
9,53,6.9
10,53,6.9
11,53,6.9
12,53,
13,53,2.9
14,53,2.9
15,53,2.9
16,53,2.9
17,53,2.9
18,53,2.9
19,53,2.9
20,53,2.9
21,53,2.9
22,53,2.9
23,53,2.5
24,53,2.5
25,53,2.5
26,53,2.5
27,53,2.5
28,53,2.5
29,53,2.5
30,53,2.5
31,53,2.5
32,53,2.5
33,53,2.5
34,53,2.5
35,53,2.5
36,53,2.5
37,53,3.0
38,53,3.0
39,53,3.0
40,53,3.0
41,53,3.0
42,53,3.0
43,53,1.0
44,53,1.0
45,53,1.0
46,53,1.0
47,53,1.0
48,53,1.0
49,53,1.2
50,53,1.2
51,53,1.2
52,53,1.2
53,53,1.2
54,53,1.2
55,53,2.8
56,53,2.8
57,53,2.8
58,53,2.8
59,53,2.8
60,53,2.8
61,53,
62,53,
63,53,
64,53,3.5
65,53,3.5
66,53,3.5
67,53,2.4
68,53,2.4
69,53,2.4
70,53,2.4
71,53,3.2
72,53,3.2
73,53,3.2
74,53,4.6
75,53,4.6
76,53,4.6
77,53,4.6
78,53,4.6
79,53,4.6
80,53,4.6
81,53,4.6
82,53,4.6
83,53,4.6
84,53,4.6
85,53,4.6
86,53,4.6
87,53,4.6
88,53,4.6
89,53,4.6
90,53,4.6
91,53,4.6
92,53,4.6
93,53,4.6
94,53,4.6
95,53,4.6
96,53,4.6
97,53,4.6
98,53,4.6
99,53,4.6
0,54,6.9
1,54,6.9
2,54,6.9
3,54,6.9
4,54,6.9
5,54,6.9
6,54,6.9
7,54,6.9
8,54,6.9
9,54,6.9
10,54,6.9
11,54,2.9
12,54,2.9
13,54,2.9
14,54,2.9
15,54,2.9
16,54,2.9
17,54,2.9
18,54,2.9
19,54,2.9
20,54,2.9
21,54,2.9
22,54,2.9
23,54,2.9
24,54,2.9
25,54,2.5
26,54,2.5
27,54,2.5
28,54,2.5
29,54,2.5
30,54,2.5
31,54,2.5
32,54,2.5
33,54,2.5
34,54,2.5
35,54,2.5
36,54,2.5
37,54,3.0
38,54,3.0
39,54,3.0
40,54,3.0
41,54,3.0
42,54,3.0
43,54,1.0
44,54,1.0
45,54,1.0
46,54,1.0
47,54,1.0
48,54,1.0
49,54,1.0
50,54,1.0
51,54,1.0
52,54,1.0
53,54,1.0
54,54,1.0
55,54,2.8
56,54,2.8
57,54,2.8
58,54,2.8
59,54,2.8
60,54,2.8
61,54,
62,54,
63,54,
64,54,
65,54,3.5
66,54,2.4
67,54,2.4
68,54,2.4
69,54,2.4
70,54,2.4
71,54,2.4
72,54,3.2
73,54,4.6
74,54,4.6
75,54,4.6
76,54,4.6
77,54,4.6
78,54,4.6
79,54,4.6
80,54,4.6
81,54,4.6
82,54,4.6
83,54,4.6
84,54,4.6
85,54,4.6
86,54,4.6
87,54,4.6
88,54,4.6
89,54,4.6
90,54,4.6
91,54,4.6
92,54,4.6
93,54,4.6
94,54,4.6
95,54,4.6
96,54,4.6
97,54,4.6
98,54,4.6
99,54,4.6
0,55,6.9
1,55,6.9
2,55,6.9
3,55,6.9
4,55,6.9
5,55,6.9
6,55,6.9
7,55,6.9
8,55,6.9
9,55,6.9
10,55,2.9
11,55,2.9
12,55,2.9
13,55,2.9
14,55,2.9
15,55,2.9
16,55,2.9
17,55,2.9
18,55,2.9
19,55,2.9
20,55,2.9
21,55,2.9
22,55,2.9
23,55,2.9
24,55,2.9
25,55,2.9
26,55,2.9
27,55,2.5
28,55,2.5
29,55,2.5
30,55,2.5
31,55,2.5
32,55,2.5
33,55,2.5
34,55,2.5
35,55,2.5
36,55,2.5
37,55,2.5
38,55,3.0
39,55,3.0
40,55,3.0
41,55,3.0
42,55,1.0
43,55,1.0
44,55,1.0
45,55,1.0
46,55,1.0
47,55,1.0
48,55,1.0
49,55,1.0
50,55,1.0
51,55,1.0
52,55,1.0
53,55,1.0
54,55,1.0
55,55,1.0
56,55,2.8
57,55,2.8
58,55,2.8
59,55,2.8
60,55,2.8
61,55,2.8
62,55,
63,55,
64,55,
65,55,3.5
66,55,2.4
67,55,2.4
68,55,2.4
69,55,2.4
70,55,2.4
71,55,2.4
72,55,4.6
73,55,4.6
74,55,4.6
75,55,4.6
76,55,4.6
77,55,4.6
78,55,4.6
79,55,4.6
80,55,4.6
81,55,4.6
82,55,4.6
83,55,4.6
84,55,4.6
85,55,4.6
86,55,4.6
87,55,4.6
88,55,4.6
89,55,4.6
90,55,4.6
91,55,4.6
92,55,4.6
93,55,4.6
94,55,4.6
95,55,4.6
96,55,4.6
97,55,4.6
98,55,4.6
99,55,4.8
0,56,6.9
1,56,6.9
2,56,6.9
3,56,6.9
4,56,6.9
5,56,6.9
6,56,6.9
7,56,6.9
8,56,6.9
9,56,2.9
10,56,2.9
11,56,2.9
12,56,2.9
13,56,2.9
14,56,2.9
15,56,2.9
16,56,2.9
17,56,2.9
18,56,2.9
19,56,2.9
20,56,2.9
21,56,2.9
22,56,2.9
23,56,2.9
24,56,2.9
25,56,2.9
26,56,2.9
27,56,2.9
28,56,2.9
29,56,2.5
30,56,2.5
31,56,2.5
32,56,2.5
33,56,2.5
34,56,2.5
35,56,2.5
36,56,2.5
37,56,1.1
38,56,1.1
39,56,3.0
40,56,3.0
41,56,1.0
42,56,1.0
43,56,1.0
44,56,1.0
45,56,1.0
46,56,1.0
47,56,1.0
48,56,1.0
49,56,1.0
50,56,1.0
51,56,1.0
52,56,1.0
53,56,1.0
54,56,1.0
55,56,1.0
56,56,2.8
57,56,2.8
58,56,2.8
59,56,2.8
60,56,2.8
61,56,2.8
62,56,
63,56,
64,56,
65,56,3.5
66,56,2.4
67,56,2.4
68,56,2.4
69,56,2.4
70,56,2.4
71,56,2.4
72,56,4.6
73,56,4.6
74,56,4.6
75,56,4.6
76,56,4.6
77,56,4.6
78,56,4.6
79,56,4.6
80,56,4.6
81,56,4.6
82,56,4.6
83,56,4.6
84,56,4.6
85,56,4.6
86,56,4.6
87,56,4.6
88,56,4.6
89,56,4.6
90,56,4.6
91,56,4.6
92,56,4.6
93,56,4.6
94,56,4.6
95,56,4.6
96,56,4.6
97,56,4.6
98,56,4.8
99,56,4.8
0,57,6.9
1,57,6.9
2,57,6.9
3,57,6.9
4,57,6.9
5,57,6.9
6,57,6.9
7,57,2.9
8,57,2.9
9,57,2.9
10,57,2.9
11,57,2.9
12,57,2.9
13,57,2.9
14,57,2.9
15,57,2.9
16,57,2.9
17,57,2.9
18,57,2.9
19,57,2.9
20,57,2.9
21,57,2.9
22,57,2.9
23,57,2.9
24,57,2.9
25,57,2.9
26,57,2.9
27,57,2.9
28,57,2.9
29,57,2.9
30,57,2.9
31,57,2.5
32,57,2.5
33,57,2.5
34,57,2.5
35,57,2.5
36,57,1.1
37,57,1.1
38,57,1.1
39,57,1.1
40,57,3.0
41,57,1.0
42,57,1.0
43,57,1.0
44,57,1.0
45,57,1.0
46,57,1.0
47,57,1.0
48,57,1.0
49,57,1.0
50,57,1.0
51,57,1.0
52,57,1.0
53,57,1.0
54,57,1.0
55,57,1.0
56,57,2.8
57,57,2.8
58,57,2.8
59,57,2.8
60,57,2.8
61,57,2.8
62,57,2.8
63,57,0.0
64,57,0.0
65,57,0.0
66,57,2.4
67,57,2.4
68,57,2.4
69,57,2.4
70,57,2.4
71,57,2.4
72,57,4.6
73,57,4.6
74,57,4.6
75,57,4.6
76,57,4.6
77,57,4.6
78,57,4.6
79,57,4.6
80,57,4.6
81,57,4.6
82,57,4.6
83,57,4.6
84,57,4.6
85,57,4.6
86,57,4.6
87,57,4.6
88,57,4.6
89,57,4.6
90,57,4.6
91,57,4.6
92,57,4.6
93,57,4.6
94,57,4.6
95,57,4.6
96,57,4.6
97,57,4.6
98,57,4.8
99,57,4.8
0,58,6.9
1,58,6.9
2,58,6.9
3,58,6.9
4,58,6.9
5,58,6.9
6,58,2.9
7,58,2.9
8,58,2.9
9,58,2.9
10,58,2.9
11,58,2.9
12,58,2.9
13,58,2.9
14,58,2.9
15,58,2.9
16,58,2.9
17,58,2.9
18,58,2.9
19,58,2.9
20,58,2.9
21,58,2.9
22,58,2.9
23,58,2.9
24,58,2.9
25,58,2.9
26,58,2.9
27,58,2.9
28,58,2.9
29,58,2.9
30,58,2.9
31,58,2.9
32,58,2.5
33,58,2.5
34,58,1.1
35,58,1.1
36,58,1.1
37,58,1.1
38,58,1.1
39,58,1.1
40,58,1.1
41,58,1.8
42,58,1.0
43,58,1.0
44,58,1.0
45,58,1.0
46,58,1.0
47,58,1.0
48,58,1.0
49,58,1.0
50,58,1.0
51,58,1.0
52,58,1.0
53,58,1.0
54,58,1.0
55,58,1.0
56,58,2.8
57,58,2.8
58,58,2.8
59,58,2.8
60,58,2.8
61,58,2.8
62,58,0.0
63,58,0.0
64,58,0.0
65,58,0.0
66,58,0.0
67,58,2.4
68,58,2.4
69,58,2.4
70,58,2.4
71,58,2.4
72,58,4.6
73,58,4.6
74,58,4.6
75,58,4.6
76,58,4.6
77,58,4.6
78,58,4.6
79,58,4.6
80,58,4.6
81,58,4.6
82,58,4.6
83,58,4.6
84,58,4.6
85,58,4.6
86,58,4.6
87,58,4.6
88,58,4.6
89,58,4.6
90,58,4.6
91,58,4.6
92,58,4.6
93,58,4.6
94,58,4.6
95,58,4.6
96,58,4.6
97,58,4.8
98,58,4.8
99,58,4.8
0,59,6.9
1,59,6.9
2,59,6.9
3,59,6.9
4,59,6.9
5,59,2.9
6,59,2.9
7,59,2.9
8,59,2.9
9,59,2.9
10,59,2.9
11,59,2.9
12,59,2.9
13,59,2.9
14,59,2.9
15,59,2.9
16,59,2.9
17,59,2.9
18,59,2.9
19,59,2.9
20,59,2.9
21,59,2.9
22,59,2.9
23,59,2.9
24,59,2.9
25,59,2.9
26,59,2.9
27,59,2.9
28,59,2.9
29,59,2.9
30,59,2.9
31,59,2.9
32,59,2.9
33,59,1.1
34,59,1.1
35,59,1.1
36,59,1.1
37,59,1.1
38,59,1.1
39,59,1.1
40,59,1.8
41,59,1.8
42,59,1.8
43,59,1.8
44,59,1.0
45,59,1.0
46,59,1.0
47,59,1.0
48,59,1.0
49,59,1.0
50,59,1.0
51,59,1.0
52,59,1.0
53,59,1.0
54,59,1.0
55,59,1.0
56,59,2.8
57,59,2.8
58,59,2.8
59,59,2.8
60,59,2.8
61,59,2.8
62,59,0.0
63,59,0.0
64,59,0.0
65,59,0.0
66,59,0.0
67,59,0.0
68,59,-0.4
69,59,-0.4
70,59,-0.4
71,59,-0.4
72,59,-0.4
73,59,4.6
74,59,4.6
75,59,4.6
76,59,4.6
77,59,4.6
78,59,4.6
79,59,4.6
80,59,4.6
81,59,4.6
82,59,4.6
83,59,4.6
84,59,4.6
85,59,4.6
86,59,4.6
87,59,4.6
88,59,4.6
89,59,4.6
90,59,4.6
91,59,4.6
92,59,3.3
93,59,3.3
94,59,3.3
95,59,3.3
96,59,4.8
97,59,4.8
98,59,4.8
99,59,4.8
0,60,3.2
1,60,3.2
2,60,3.2
3,60,6.9
4,60,2.9
5,60,2.9
6,60,2.9
7,60,2.9
8,60,2.9
9,60,2.9
10,60,2.9
11,60,2.9
12,60,2.9
13,60,2.9
14,60,2.9
15,60,2.9
16,60,2.9
17,60,2.9
18,60,2.9
19,60,2.9
20,60,2.9
21,60,2.9
22,60,2.9
23,60,2.9
24,60,2.9
25,60,2.9
26,60,2.9
27,60,2.9
28,60,2.9
29,60,2.9
30,60,2.9
31,60,2.9
32,60,2.9
33,60,2.9
34,60,1.1
35,60,1.1
36,60,1.1
37,60,1.1
38,60,1.1
39,60,1.1
40,60,1.3
41,60,1.8
42,60,1.8
43,60,1.8
44,60,1.8
45,60,1.8
46,60,1.0
47,60,1.0
48,60,0.1
49,60,0.1
50,60,1.0
51,60,1.0
52,60,1.0
53,60,1.0
54,60,1.0
55,60,1.0
56,60,1.9
57,60,1.9
58,60,2.8
59,60,2.8
60,60,2.8
61,60,2.8
62,60,0.0
63,60,0.0
64,60,0.0
65,60,0.0
66,60,0.0
67,60,0.0
68,60,-0.4
69,60,-0.4
70,60,-0.4
71,60,-0.4
72,60,-0.4
73,60,-0.4
74,60,4.6
75,60,4.6
76,60,4.6
77,60,4.6
78,60,3.3
79,60,3.3
80,60,3.3
81,60,3.3
82,60,3.3
83,60,3.3
84,60,3.3
85,60,3.3
86,60,3.3
87,60,3.3
88,60,3.3
89,60,3.3
90,60,3.3
91,60,3.3
92,60,3.3
93,60,3.3
94,60,3.3
95,60,3.3
96,60,4.8
97,60,4.8
98,60,4.8
99,60,4.8
0,61,3.2
1,61,3.2
2,61,3.2
3,61,3.2
4,61,1.5
5,61,2.9
6,61,2.9
7,61,2.9
8,61,2.9
9,61,2.9
10,61,2.9
11,61,2.9
12,61,2.9
13,61,2.9
14,61,2.9
15,61,2.9
16,61,2.9
17,61,2.9
18,61,2.9
19,61,2.9
20,61,2.9
21,61,2.9
22,61,2.9
23,61,2.9
24,61,2.9
25,61,2.9
26,61,2.9
27,61,2.9
28,61,2.9
29,61,2.9
30,61,2.9
31,61,2.9
32,61,2.9
33,61,2.9
34,61,1.1
35,61,1.1
36,61,1.1
37,61,1.1
38,61,1.1
39,61,1.1
40,61,1.3
41,61,1.8
42,61,1.8
43,61,1.8
44,61,1.8
45,61,1.8
46,61,1.8
47,61,0.1
48,61,0.1
49,61,0.1
50,61,0.1
51,61,1.0
52,61,1.0
53,61,1.0
54,61,1.0
55,61,1.9
56,61,1.9
57,61,1.9
58,61,1.9
59,61,2.8
60,61,2.8
61,61,0.0
62,61,0.0
63,61,0.0
64,61,0.0
65,61,0.0
66,61,0.0
67,61,0.0
68,61,-0.4
69,61,-0.4
70,61,-0.4
71,61,-0.4
72,61,-0.4
73,61,-0.4
74,61,3.3
75,61,3.3
76,61,3.3
77,61,3.3
78,61,3.3
79,61,3.3
80,61,3.3
81,61,3.3
82,61,3.3
83,61,3.3
84,61,3.3
85,61,3.3
86,61,3.3
87,61,3.3
88,61,3.3
89,61,3.3
90,61,3.3
91,61,3.3
92,61,3.3
93,61,3.3
94,61,3.3
95,61,4.8
96,61,4.8
97,61,4.8
98,61,4.8
99,61,4.8
0,62,3.2
1,62,3.2
2,62,3.2
3,62,3.2
4,62,3.2
5,62,1.5
6,62,1.5
7,62,1.5
8,62,1.5
9,62,1.5
10,62,2.9
11,62,2.9
12,62,2.9
13,62,2.9
14,62,2.9
15,62,2.9
16,62,2.9
17,62,2.9
18,62,2.9
19,62,2.9
20,62,2.9
21,62,2.9
22,62,2.9
23,62,2.9
24,62,2.9
25,62,2.9
26,62,2.9
27,62,2.9
28,62,2.9
29,62,2.9
30,62,2.9
31,62,2.9
32,62,2.9
33,62,2.9
34,62,1.1
35,62,1.1
36,62,1.1
37,62,1.1
38,62,1.1
39,62,1.3
40,62,1.3
41,62,1.3
42,62,1.8
43,62,1.8
44,62,1.8
45,62,1.8
46,62,1.8
47,62,0.1
48,62,0.1
49,62,0.1
50,62,0.1
51,62,0.1
52,62,1.0
53,62,1.0
54,62,1.9
55,62,1.9
56,62,1.9
57,62,1.9
58,62,1.9
59,62,1.9
60,62,2.8
61,62,0.0
62,62,0.0
63,62,0.0
64,62,0.0
65,62,0.0
66,62,0.0
67,62,0.0
68,62,-0.4
69,62,-0.4
70,62,-0.4
71,62,-0.4
72,62,-0.4
73,62,-0.4
74,62,3.3
75,62,3.3
76,62,3.3
77,62,3.3
78,62,3.3
79,62,3.3
80,62,3.3
81,62,3.3
82,62,3.3
83,62,3.3
84,62,3.3
85,62,3.3
86,62,3.3
87,62,3.3
88,62,3.3
89,62,3.3
90,62,3.3
91,62,3.3
92,62,3.3
93,62,3.3
94,62,3.3
95,62,4.8
96,62,4.8
97,62,4.8
98,62,4.8
99,62,4.8
0,63,3.2
1,63,3.2
2,63,3.2
3,63,3.2
4,63,3.2
5,63,1.5
6,63,1.5
7,63,1.5
8,63,1.5
9,63,1.5
10,63,1.5
11,63,1.5
12,63,1.5
13,63,1.5
14,63,1.5
15,63,1.5
16,63,2.9
17,63,2.9
18,63,2.9
19,63,2.9
20,63,2.9
21,63,2.9
22,63,2.9
23,63,2.9
24,63,2.9
25,63,2.9
26,63,2.9
27,63,2.9
28,63,2.9
29,63,2.9
30,63,2.9
31,63,2.9
32,63,2.9
33,63,2.9
34,63,1.1
35,63,1.1
36,63,1.1
37,63,1.1
38,63,1.1
39,63,1.3
40,63,1.3
41,63,1.3
42,63,1.3
43,63,1.8
44,63,1.8
45,63,1.8
46,63,1.8
47,63,0.1
48,63,0.1
49,63,0.1
50,63,0.1
51,63,0.1
52,63,0.1
53,63,1.9
54,63,1.9
55,63,1.9
56,63,1.9
57,63,1.9
58,63,1.9
59,63,1.9
60,63,1.9
61,63,0.0
62,63,0.0
63,63,0.0
64,63,0.0
65,63,0.0
66,63,0.0
67,63,-0.4
68,63,-0.4
69,63,-0.4
70,63,-0.4
71,63,-0.4
72,63,-0.4
73,63,-0.4
74,63,3.3
75,63,3.3
76,63,3.3
77,63,3.3
78,63,3.3
79,63,3.3
80,63,3.3
81,63,3.3
82,63,3.3
83,63,3.3
84,63,3.3
85,63,3.3
86,63,3.3
87,63,3.3
88,63,3.3
89,63,3.3
90,63,3.3
91,63,3.3
92,63,3.3
93,63,3.3
94,63,4.8
95,63,4.8
96,63,4.8
97,63,4.8
98,63,4.8
99,63,4.8
0,64,3.2
1,64,3.2
2,64,3.2
3,64,3.2
4,64,3.2
5,64,3.2
6,64,1.5
7,64,1.5
8,64,1.5
9,64,1.5
10,64,1.5
11,64,1.5
12,64,1.5
13,64,1.5
14,64,1.5
15,64,1.5
16,64,1.5
17,64,1.5
18,64,1.5
19,64,1.5
20,64,1.5
21,64,2.9
22,64,2.9
23,64,2.9
24,64,2.9
25,64,2.9
26,64,2.9
27,64,2.9
28,64,2.9
29,64,2.9
30,64,2.9
31,64,2.9
32,64,2.9
33,64,1.6
34,64,1.6
35,64,1.1
36,64,1.1
37,64,1.1
38,64,1.3
39,64,1.3
40,64,1.3
41,64,1.3
42,64,1.3
43,64,1.8
44,64,1.8
45,64,1.8
46,64,0.1
47,64,0.1
48,64,0.1
49,64,0.1
50,64,0.1
51,64,0.1
52,64,0.1
53,64,1.9
54,64,1.9
55,64,1.9
56,64,1.9
57,64,1.9
58,64,1.9
59,64,1.9
60,64,1.9
61,64,0.0
62,64,0.0
63,64,0.7
64,64,0.7
65,64,0.7
66,64,0.7
67,64,-0.4
68,64,-0.4
69,64,-0.4
70,64,-0.4
71,64,-0.4
72,64,-0.4
73,64,3.3
74,64,3.3
75,64,3.3
76,64,3.3
77,64,3.3
78,64,3.3
79,64,3.3
80,64,3.3
81,64,3.3
82,64,3.3
83,64,3.3
84,64,3.3
85,64,3.3
86,64,3.3
87,64,3.3
88,64,3.3
89,64,3.3
90,64,3.3
91,64,3.3
92,64,3.3
93,64,3.3
94,64,4.8
95,64,4.8
96,64,4.8
97,64,4.8
98,64,4.8
99,64,4.8
0,65,3.2
1,65,3.2
2,65,3.2
3,65,3.2
4,65,3.2
5,65,3.2
6,65,1.5
7,65,1.5
8,65,1.5
9,65,1.5
10,65,1.5
11,65,1.5
12,65,1.5
13,65,1.5
14,65,1.5
15,65,1.5
16,65,1.5
17,65,1.5
18,65,1.5
19,65,1.5
20,65,1.5
21,65,1.5
22,65,1.5
23,65,1.5
24,65,1.5
25,65,1.5
26,65,1.5
27,65,2.9
28,65,2.9
29,65,2.9
30,65,1.6
31,65,1.6
32,65,1.6
33,65,1.6
34,65,1.6
35,65,1.6
36,65,1.1
37,65,1.3
38,65,1.3
39,65,1.3
40,65,1.3
41,65,1.3
42,65,1.3
43,65,1.0
44,65,1.8
45,65,1.8
46,65,1.8
47,65,0.1
48,65,0.1
49,65,0.1
50,65,0.1
51,65,0.1
52,65,0.1
53,65,1.3
54,65,1.3
55,65,1.3
56,65,1.3
57,65,1.3
58,65,1.3
59,65,1.9
60,65,0.7
61,65,0.7
62,65,0.7
63,65,0.7
64,65,0.7
65,65,0.7
66,65,0.7
67,65,0.7
68,65,-0.4
69,65,-0.4
70,65,-0.4
71,65,-0.4
72,65,-0.4
73,65,3.3
74,65,3.3
75,65,3.3
76,65,3.3
77,65,3.3
78,65,3.3
79,65,3.3
80,65,3.3
81,65,3.3
82,65,3.3
83,65,3.3
84,65,3.3
85,65,3.3
86,65,3.3
87,65,3.3
88,65,3.3
89,65,3.3
90,65,3.3
91,65,3.3
92,65,3.3
93,65,4.8
94,65,4.8
95,65,4.8
96,65,4.8
97,65,4.8
98,65,4.8
99,65,4.8
0,66,3.2
1,66,3.2
2,66,3.2
3,66,3.2
4,66,3.2
5,66,3.2
6,66,3.2
7,66,1.5
8,66,1.5
9,66,1.5
10,66,1.5
11,66,1.5
12,66,1.5
13,66,1.5
14,66,1.5
15,66,1.5
16,66,1.5
17,66,1.5
18,66,1.5
19,66,1.5
20,66,1.5
21,66,1.5
22,66,1.5
23,66,1.5
24,66,1.5
25,66,1.5
26,66,1.5
27,66,1.5
28,66,1.5
29,66,1.5
30,66,1.6
31,66,1.6
32,66,1.6
33,66,1.6
34,66,1.6
35,66,1.6
36,66,1.6
37,66,0.3
38,66,1.3
39,66,1.3
40,66,1.3
41,66,1.3
42,66,1.3
43,66,1.0
44,66,1.8
45,66,1.8
46,66,1.8
47,66,0.1
48,66,0.1
49,66,0.1
50,66,0.1
51,66,0.1
52,66,0.1
53,66,1.3
54,66,1.3
55,66,1.3
56,66,1.3
57,66,1.3
58,66,1.3
59,66,1.3
60,66,1.3
61,66,0.7
62,66,0.7
63,66,0.7
64,66,0.7
65,66,0.7
66,66,0.7
67,66,0.7
68,66,-0.4
69,66,-0.4
70,66,-0.4
71,66,-0.4
72,66,-0.4
73,66,3.3
74,66,3.3
75,66,3.3
76,66,3.3
77,66,3.3
78,66,3.3
79,66,3.3
80,66,3.3
81,66,3.3
82,66,3.3
83,66,3.3
84,66,3.3
85,66,3.3
86,66,3.3
87,66,3.3
88,66,3.3
89,66,3.3
90,66,3.3
91,66,3.3
92,66,3.3
93,66,4.8
94,66,4.8
95,66,4.8
96,66,4.8
97,66,4.8
98,66,4.8
99,66,4.8
0,67,3.2
1,67,3.2
2,67,3.2
3,67,3.2
4,67,3.2
5,67,3.2
6,67,3.2
7,67,1.5
8,67,1.5
9,67,1.5
10,67,1.5
11,67,1.5
12,67,1.5
13,67,1.5
14,67,1.5
15,67,1.5
16,67,1.5
17,67,1.5
18,67,1.5
19,67,1.5
20,67,1.5
21,67,1.5
22,67,1.5
23,67,1.5
24,67,1.5
25,67,1.5
26,67,1.5
27,67,1.5
28,67,1.5
29,67,1.5
30,67,1.6
31,67,1.6
32,67,1.6
33,67,1.6
34,67,1.6
35,67,1.6
36,67,1.6
37,67,0.3
38,67,0.3
39,67,0.3
40,67,1.3
41,67,1.3
42,67,1.0
43,67,1.0
44,67,1.8
45,67,1.8
46,67,1.8
47,67,1.8
48,67,0.1
49,67,0.1
50,67,0.1
51,67,0.1
52,67,1.3
53,67,1.3
54,67,1.3
55,67,1.3
56,67,1.3
57,67,1.3
58,67,1.3
59,67,1.3
60,67,0.6
61,67,0.7
62,67,0.7
63,67,0.7
64,67,0.7
65,67,0.7
66,67,0.7
67,67,0.7
68,67,-0.4
69,67,-0.4
70,67,-0.4
71,67,-0.4
72,67,-0.4
73,67,3.3
74,67,3.3
75,67,3.3
76,67,3.3
77,67,3.3
78,67,3.3
79,67,3.3
80,67,3.3
81,67,3.3
82,67,3.3
83,67,3.3
84,67,3.3
85,67,3.3
86,67,3.3
87,67,3.3
88,67,3.3
89,67,3.3
90,67,3.3
91,67,3.3
92,67,4.8
93,67,4.8
94,67,4.8
95,67,4.8
96,67,4.8
97,67,4.8
98,67,4.8
99,67,4.8
0,68,3.2
1,68,3.2
2,68,3.2
3,68,3.2
4,68,3.2
5,68,3.2
6,68,3.2
7,68,3.2
8,68,1.5
9,68,1.5
10,68,1.5
11,68,1.5
12,68,1.5
13,68,1.5
14,68,1.5
15,68,1.5
16,68,1.5
17,68,1.5
18,68,1.5
19,68,1.5
20,68,1.5
21,68,1.5
22,68,1.5
23,68,1.5
24,68,1.5
25,68,1.5
26,68,1.5
27,68,1.5
28,68,1.5
29,68,1.5
30,68,1.5
31,68,1.6
32,68,1.6
33,68,1.6
34,68,1.6
35,68,1.6
36,68,0.3
37,68,0.3
38,68,0.3
39,68,0.3
40,68,0.3
41,68,0.3
42,68,0.3
43,68,1.0
44,68,1.8
45,68,1.8
46,68,1.8
47,68,1.8
48,68,0.1
49,68,0.1
50,68,0.1
51,68,0.1
52,68,1.3
53,68,1.3
54,68,1.3
55,68,1.3
56,68,1.3
57,68,1.3
58,68,1.3
59,68,1.3
60,68,0.6
61,68,0.6
62,68,0.7
63,68,0.7
64,68,0.7
65,68,0.7
66,68,0.7
67,68,0.7
68,68,0.7
69,68,-0.4
70,68,-0.4
71,68,-0.4
72,68,3.3
73,68,3.3
74,68,3.3
75,68,3.3
76,68,3.3
77,68,3.3
78,68,3.3
79,68,3.3
80,68,3.3
81,68,3.3
82,68,3.3
83,68,3.3
84,68,3.3
85,68,3.3
86,68,3.3
87,68,3.3
88,68,3.3
89,68,3.3
90,68,3.3
91,68,3.3
92,68,4.8
93,68,4.8
94,68,4.8
95,68,4.8
96,68,4.8
97,68,4.8
98,68,4.8
99,68,4.8
0,69,3.2
1,69,3.2
2,69,3.2
3,69,3.2
4,69,3.2
5,69,3.2
6,69,3.2
7,69,3.2
8,69,3.2
9,69,1.5
10,69,1.5
11,69,1.5
12,69,1.5
13,69,1.5
14,69,1.5
15,69,1.5
16,69,1.5
17,69,1.5
18,69,1.5
19,69,1.5
20,69,1.5
21,69,1.5
22,69,1.5
23,69,1.5
24,69,1.5
25,69,1.5
26,69,1.5
27,69,1.5
28,69,1.5
29,69,1.5
30,69,1.5
31,69,1.6
32,69,1.6
33,69,1.6
34,69,1.6
35,69,1.6
36,69,0.3
37,69,0.3
38,69,0.3
39,69,0.3
40,69,0.3
41,69,0.3
42,69,0.3
43,69,0.3
44,69,1.8
45,69,1.8
46,69,1.8
47,69,1.8
48,69,1.8
49,69,0.1
50,69,0.1
51,69,-0.9
52,69,1.3
53,69,1.3
54,69,1.3
55,69,1.3
56,69,1.3
57,69,1.3
58,69,1.3
59,69,0.6
60,69,0.6
61,69,0.6
62,69,0.6
63,69,0.6
64,69,0.7
65,69,0.7
66,69,0.7
67,69,0.7
68,69,0.8
69,69,0.8
70,69,0.8
71,69,0.8
72,69,3.3
73,69,3.3
74,69,3.3
75,69,3.3
76,69,3.3
77,69,3.3
78,69,3.3
79,69,3.3
80,69,3.3
81,69,3.3
82,69,3.3
83,69,3.3
84,69,3.3
85,69,3.3
86,69,3.3
87,69,3.3
88,69,3.3
89,69,3.3
90,69,3.3
91,69,4.8
92,69,4.8
93,69,4.8
94,69,4.8
95,69,4.8
96,69,4.8
97,69,4.8
98,69,4.8
99,69,4.8
0,70,3.2
1,70,3.2
2,70,3.2
3,70,3.2
4,70,3.2
5,70,3.2
6,70,3.2
7,70,3.2
8,70,3.2
9,70,1.5
10,70,1.5
11,70,1.5
12,70,1.5
13,70,1.5
14,70,1.5
15,70,1.5
16,70,1.5
17,70,1.5
18,70,1.5
19,70,1.5
20,70,1.5
21,70,1.5
22,70,1.5
23,70,1.5
24,70,1.5
25,70,1.5
26,70,1.5
27,70,1.5
28,70,1.5
29,70,1.5
30,70,1.5
31,70,1.5
32,70,1.6
33,70,1.6
34,70,1.6
35,70,1.6
36,70,0.3
37,70,0.3
38,70,0.3
39,70,0.3
40,70,0.3
41,70,0.3
42,70,0.3
43,70,0.3
44,70,0.3
45,70,1.8
46,70,1.8
47,70,1.8
48,70,1.8
49,70,0.1
50,70,-0.9
51,70,-0.9
52,70,-0.9
53,70,-0.9
54,70,1.3
55,70,1.3
56,70,1.3
57,70,1.3
58,70,1.3
59,70,0.6
60,70,0.6
61,70,0.6
62,70,0.6
63,70,0.6
64,70,0.6
65,70,0.7
66,70,0.8
67,70,0.8
68,70,0.8
69,70,0.8
70,70,0.8
71,70,0.8
72,70,0.8
73,70,3.9
74,70,3.9
75,70,3.9
76,70,3.9
77,70,3.9
78,70,3.9
79,70,3.9
80,70,3.9
81,70,3.9
82,70,3.9
83,70,3.9
84,70,3.9
85,70,3.9
86,70,3.9
87,70,3.9
88,70,3.9
89,70,3.9
90,70,3.9
91,70,4.8
92,70,4.8
93,70,4.8
94,70,4.8
95,70,4.8
96,70,4.8
97,70,4.8
98,70,4.8
99,70,4.8
0,71,3.2
1,71,3.2
2,71,3.2
3,71,3.2
4,71,3.2
5,71,3.2
6,71,3.2
7,71,3.2
8,71,3.2
9,71,3.2
10,71,1.5
11,71,1.5
12,71,1.5
13,71,1.5
14,71,1.5
15,71,1.5
16,71,1.5
17,71,1.5
18,71,1.5
19,71,1.5
20,71,1.5
21,71,1.5
22,71,1.5
23,71,1.5
24,71,1.5
25,71,1.5
26,71,1.5
27,71,1.5
28,71,1.5
29,71,1.5
30,71,1.5
31,71,1.5
32,71,1.6
33,71,1.6
34,71,1.6
35,71,1.6
36,71,0.3
37,71,0.3
38,71,0.3
39,71,0.3
40,71,0.3
41,71,0.3
42,71,0.3
43,71,0.3
44,71,0.3
45,71,1.8
46,71,1.8
47,71,1.8
48,71,1.8
49,71,-0.9
50,71,-0.9
51,71,-0.9
52,71,-0.9
53,71,-0.9
54,71,-0.9
55,71,1.3
56,71,1.3
57,71,1.3
58,71,0.6
59,71,0.6
60,71,0.6
61,71,0.6
62,71,0.6
63,71,0.6
64,71,0.6
65,71,0.8
66,71,0.8
67,71,0.8
68,71,0.8
69,71,0.8
70,71,0.8
71,71,0.8
72,71,0.8
73,71,3.9
74,71,3.9
75,71,3.9
76,71,3.9
77,71,3.9
78,71,3.9
79,71,3.9
80,71,3.9
81,71,3.9
82,71,3.9
83,71,3.9
84,71,3.9
85,71,3.9
86,71,3.9
87,71,3.9
88,71,3.9
89,71,3.9
90,71,4.8
91,71,4.8
92,71,4.8
93,71,4.8
94,71,4.8
95,71,4.8
96,71,4.8
97,71,4.8
98,71,4.8
99,71,4.8
0,72,3.2
1,72,3.2
2,72,3.2
3,72,3.2
4,72,3.2
5,72,3.2
6,72,3.2
7,72,3.2
8,72,3.2
9,72,3.2
10,72,1.5
11,72,1.5
12,72,1.5
13,72,1.5
14,72,1.5
15,72,1.5
16,72,1.5
17,72,1.5
18,72,1.5
19,72,1.5
20,72,1.5
21,72,1.5
22,72,1.5
23,72,1.5
24,72,1.5
25,72,1.5
26,72,1.5
27,72,1.5
28,72,1.5
29,72,1.5
30,72,1.5
31,72,1.5
32,72,1.5
33,72,1.6
34,72,1.6
35,72,1.6
36,72,0.3
37,72,0.3
38,72,0.3
39,72,0.3
40,72,0.3
41,72,0.3
42,72,0.3
43,72,0.3
44,72,0.3
45,72,0.3
46,72,1.8
47,72,1.8
48,72,-0.9
49,72,-0.9
50,72,-0.9
51,72,-0.9
52,72,-0.9
53,72,-0.9
54,72,-0.9
55,72,-0.9
56,72,-0.9
57,72,1.3
58,72,0.6
59,72,0.6
60,72,0.6
61,72,0.6
62,72,0.6
63,72,0.6
64,72,0.6
65,72,0.8
66,72,0.8
67,72,0.8
68,72,0.8
69,72,0.8
70,72,0.8
71,72,0.8
72,72,3.9
73,72,3.9
74,72,3.9
75,72,3.9
76,72,3.9
77,72,3.9
78,72,3.9
79,72,3.9
80,72,3.9
81,72,3.9
82,72,3.9
83,72,3.9
84,72,3.9
85,72,3.9
86,72,3.9
87,72,3.9
88,72,3.9
89,72,3.9
90,72,4.8
91,72,4.8
92,72,4.8
93,72,4.8
94,72,4.8
95,72,4.8
96,72,4.8
97,72,4.8
98,72,4.8
99,72,4.8
0,73,3.2
1,73,3.2
2,73,3.2
3,73,3.2
4,73,3.2
5,73,3.2
6,73,3.2
7,73,3.2
8,73,3.2
9,73,3.2
10,73,3.2
11,73,1.5
12,73,1.5
13,73,1.5
14,73,1.5
15,73,1.5
16,73,1.5
17,73,1.5
18,73,1.5
19,73,1.5
20,73,1.5
21,73,1.5
22,73,1.5
23,73,1.5
24,73,1.5
25,73,1.5
26,73,1.5
27,73,1.5
28,73,1.5
29,73,1.5
30,73,1.5
31,73,1.5
32,73,1.5
33,73,1.6
34,73,1.6
35,73,0.3
36,73,0.3
37,73,0.3
38,73,0.3
39,73,0.3
40,73,0.3
41,73,0.3
42,73,0.3
43,73,0.3
44,73,0.3
45,73,0.3
46,73,0.3
47,73,1.8
48,73,-0.9
49,73,-0.9
50,73,-0.9
51,73,-0.9
52,73,-0.9
53,73,-0.9
54,73,-0.9
55,73,-0.9
56,73,-0.9
57,73,-1.8
58,73,0.6
59,73,0.6
60,73,0.6
61,73,0.6
62,73,0.6
63,73,0.6
64,73,0.6
65,73,0.8
66,73,0.8
67,73,0.8
68,73,0.8
69,73,0.8
70,73,0.8
71,73,0.8
72,73,3.9
73,73,3.9
74,73,3.9
75,73,3.9
76,73,3.9
77,73,3.9
78,73,3.9
79,73,3.9
80,73,3.9
81,73,3.9
82,73,3.9
83,73,3.9
84,73,3.9
85,73,3.9
86,73,3.9
87,73,3.9
88,73,3.9
89,73,3.9
90,73,4.8
91,73,4.8
92,73,4.8
93,73,4.8
94,73,4.8
95,73,4.8
96,73,4.8
97,73,4.8
98,73,4.8
99,73,4.8
0,74,3.2
1,74,3.2
2,74,3.2
3,74,3.2
4,74,3.2
5,74,3.2
6,74,3.2
7,74,3.2
8,74,3.2
9,74,3.2
10,74,3.2
11,74,1.5
12,74,1.5
13,74,1.5
14,74,1.5
15,74,1.5
16,74,1.5
17,74,1.5
18,74,1.5
19,74,1.5
20,74,1.5
21,74,1.5
22,74,1.5
23,74,1.5
24,74,1.5
25,74,1.5
26,74,1.5
27,74,1.5
28,74,1.5
29,74,1.5
30,74,1.5
31,74,1.5
32,74,1.5
33,74,1.5
34,74,1.6
35,74,0.2
36,74,0.3
37,74,0.3
38,74,0.3
39,74,0.3
40,74,0.3
41,74,0.3
42,74,0.3
43,74,0.3
44,74,0.3
45,74,0.3
46,74,-0.4
47,74,-0.4
48,74,-0.9
49,74,-0.9
50,74,-0.9
51,74,-0.9
52,74,-0.9
53,74,-0.9
54,74,-0.9
55,74,-0.9
56,74,-1.8
57,74,-1.8
58,74,-1.8
59,74,0.6
60,74,0.6
61,74,0.6
62,74,0.6
63,74,0.6
64,74,0.6
65,74,0.8
66,74,0.8
67,74,0.8
68,74,0.8
69,74,0.8
70,74,0.8
71,74,0.8
72,74,3.9
73,74,3.9
74,74,3.9
75,74,3.9
76,74,3.9
77,74,3.9
78,74,3.9
79,74,3.9
80,74,3.9
81,74,3.9
82,74,3.9
83,74,3.9
84,74,3.9
85,74,3.9
86,74,3.9
87,74,3.9
88,74,3.9
89,74,3.9
90,74,4.8
91,74,4.8
92,74,4.8
93,74,4.8
94,74,4.8
95,74,4.8
96,74,4.8
97,74,4.8
98,74,4.8
99,74,4.8
0,75,3.2
1,75,3.2
2,75,3.2
3,75,3.2
4,75,3.2
5,75,3.2
6,75,3.2
7,75,3.2
8,75,3.2
9,75,3.2
10,75,3.2
11,75,3.2
12,75,1.5
13,75,1.5
14,75,1.5
15,75,1.5
16,75,1.5
17,75,1.5
18,75,1.5
19,75,1.5
20,75,1.5
21,75,1.5
22,75,1.5
23,75,1.5
24,75,1.5
25,75,1.5
26,75,1.5
27,75,1.5
28,75,1.5
29,75,1.5
30,75,1.5
31,75,1.5
32,75,1.5
33,75,1.5
34,75,0.2
35,75,0.2
36,75,0.2
37,75,0.2
38,75,0.2
39,75,0.3
40,75,0.3
41,75,0.3
42,75,0.3
43,75,0.3
44,75,-0.4
45,75,-0.4
46,75,-0.4
47,75,-0.4
48,75,-0.9
49,75,-0.9
50,75,-0.9
51,75,-0.9
52,75,-0.9
53,75,-0.9
54,75,-0.9
55,75,-1.8
56,75,-1.8
57,75,-1.8
58,75,-1.8
59,75,-0.5
60,75,-0.5
61,75,0.6
62,75,0.6
63,75,0.6
64,75,0.6
65,75,0.8
66,75,0.8
67,75,0.8
68,75,0.8
69,75,0.8
70,75,0.8
71,75,-2.1
72,75,-2.1
73,75,3.9
74,75,3.9
75,75,3.9
76,75,3.9
77,75,3.9
78,75,3.9
79,75,3.9
80,75,3.9
81,75,3.9
82,75,3.9
83,75,3.9
84,75,3.9
85,75,3.9
86,75,3.9
87,75,3.9
88,75,3.9
89,75,4.8
90,75,4.8
91,75,4.8
92,75,4.8
93,75,4.8
94,75,4.8
95,75,4.8
96,75,4.8
97,75,4.8
98,75,4.8
99,75,4.8
0,76,3.2
1,76,3.2
2,76,3.2
3,76,3.2
4,76,3.2
5,76,3.2
6,76,3.2
7,76,3.2
8,76,3.2
9,76,3.2
10,76,3.2
11,76,3.2
12,76,1.5
13,76,1.5
14,76,1.5
15,76,1.5
16,76,1.5
17,76,1.5
18,76,1.5
19,76,1.5
20,76,1.5
21,76,1.5
22,76,1.5
23,76,1.5
24,76,1.5
25,76,1.5
26,76,1.5
27,76,1.5
28,76,1.5
29,76,1.5
30,76,1.5
31,76,1.5
32,76,1.5
33,76,0.2
34,76,0.2
35,76,0.2
36,76,0.2
37,76,0.2
38,76,0.2
39,76,0.2
40,76,0.2
41,76,0.2
42,76,-0.4
43,76,-0.4
44,76,-0.4
45,76,-0.4
46,76,-0.4
47,76,-0.4
48,76,-0.4
49,76,-0.9
50,76,-0.9
51,76,-0.9
52,76,-0.9
53,76,-0.9
54,76,-0.9
55,76,-1.8
56,76,-1.8
57,76,-1.8
58,76,-1.8
59,76,-0.5
60,76,-0.5
61,76,-0.5
62,76,-0.5
63,76,-0.5
64,76,-0.5
65,76,0.8
66,76,0.8
67,76,0.8
68,76,-2.1
69,76,-2.1
70,76,-2.1
71,76,-2.1
72,76,-2.1
73,76,3.9
74,76,3.9
75,76,3.9
76,76,3.9
77,76,3.9
78,76,3.9
79,76,3.9
80,76,3.9
81,76,3.9
82,76,3.9
83,76,3.9
84,76,3.9
85,76,3.9
86,76,3.9
87,76,3.9
88,76,3.9
89,76,4.8
90,76,4.8
91,76,4.8
92,76,4.8
93,76,4.8
94,76,4.8
95,76,4.8
96,76,4.8
97,76,4.8
98,76,4.8
99,76,4.8
0,77,3.2
1,77,3.2
2,77,3.2
3,77,3.2
4,77,3.2
5,77,3.2
6,77,3.2
7,77,3.2
8,77,3.2
9,77,3.2
10,77,3.2
11,77,3.2
12,77,3.2
13,77,1.5
14,77,1.5
15,77,1.5
16,77,1.5
17,77,1.5
18,77,1.5
19,77,1.5
20,77,1.5
21,77,1.5
22,77,1.5
23,77,1.5
24,77,1.5
25,77,1.5
26,77,1.5
27,77,1.5
28,77,1.5
29,77,1.5
30,77,1.5
31,77,0.9
32,77,0.2
33,77,0.2
34,77,0.2
35,77,0.2
36,77,0.2
37,77,0.2
38,77,0.2
39,77,0.2
40,77,0.2
41,77,0.2
42,77,-0.4
43,77,-0.4
44,77,-0.4
45,77,-0.4
46,77,-0.4
47,77,-0.4
48,77,-0.4
49,77,-0.9
50,77,-0.9
51,77,-0.9
52,77,-0.9
53,77,-0.9
54,77,-1.8
55,77,-1.8
56,77,-1.8
57,77,-1.8
58,77,-1.8
59,77,-0.5
60,77,-0.5
61,77,-0.5
62,77,-0.5
63,77,-0.5
64,77,-0.5
65,77,0.8
66,77,-2.1
67,77,-2.1
68,77,-2.1
69,77,-2.1
70,77,-2.1
71,77,-2.1
72,77,-2.1
73,77,3.9
74,77,3.9
75,77,3.9
76,77,3.9
77,77,3.9
78,77,3.9
79,77,3.9
80,77,3.9
81,77,3.9
82,77,3.9
83,77,3.9
84,77,3.9
85,77,3.9
86,77,3.9
87,77,3.9
88,77,3.9
89,77,4.8
90,77,4.8
91,77,4.8
92,77,4.8
93,77,4.8
94,77,4.8
95,77,4.8
96,77,4.8
97,77,4.8
98,77,4.8
99,77,4.8
0,78,3.2
1,78,3.2
2,78,3.2
3,78,3.2
4,78,3.2
5,78,3.2
6,78,3.2
7,78,3.2
8,78,3.2
9,78,3.2
10,78,3.2
11,78,3.2
12,78,3.2
13,78,1.5
14,78,1.5
15,78,1.5
16,78,1.5
17,78,1.5
18,78,1.5
19,78,1.5
20,78,1.5
21,78,1.5
22,78,1.5
23,78,1.5
24,78,1.5
25,78,1.5
26,78,1.5
27,78,0.9
28,78,0.9
29,78,0.9
30,78,0.9
31,78,0.9
32,78,0.9
33,78,0.2
34,78,0.2
35,78,0.2
36,78,0.2
37,78,0.2
38,78,0.2
39,78,0.2
40,78,0.2
41,78,0.2
42,78,-0.4
43,78,-0.4
44,78,-0.4
45,78,-0.4
46,78,-0.4
47,78,-0.4
48,78,-0.4
49,78,-0.4
50,78,0.3
51,78,0.3
52,78,0.3
53,78,0.3
54,78,-1.8
55,78,-1.8
56,78,-1.8
57,78,-1.8
58,78,-1.8
59,78,-0.5
60,78,-0.5
61,78,-0.5
62,78,-0.5
63,78,-0.5
64,78,-1.5
65,78,-1.5
66,78,-2.1
67,78,-2.1
68,78,-2.1
69,78,-2.1
70,78,-2.1
71,78,-2.1
72,78,-2.1
73,78,
74,78,
75,78,3.9
76,78,3.9
77,78,3.9
78,78,3.9
79,78,3.9
80,78,3.9
81,78,3.9
82,78,3.9
83,78,3.9
84,78,3.9
85,78,3.9
86,78,3.9
87,78,3.9
88,78,4.8
89,78,4.8
90,78,4.8
91,78,4.8
92,78,4.8
93,78,4.8
94,78,4.8
95,78,4.8
96,78,4.8
97,78,4.8
98,78,4.8
99,78,4.8
0,79,3.2
1,79,3.2
2,79,3.2
3,79,3.2
4,79,3.2
5,79,3.2
6,79,3.2
7,79,3.2
8,79,3.2
9,79,3.2
10,79,3.2
11,79,3.2
12,79,3.2
13,79,3.2
14,79,-0.7
15,79,-0.7
16,79,-0.7
17,79,-0.7
18,79,-0.7
19,79,-0.7
20,79,-0.7
21,79,-0.7
22,79,-0.7
23,79,0.9
24,79,0.9
25,79,0.9
26,79,0.9
27,79,0.9
28,79,0.9
29,79,0.9
30,79,0.9
31,79,0.9
32,79,0.9
33,79,0.2
34,79,0.2
35,79,0.2
36,79,0.2
37,79,0.2
38,79,0.2
39,79,0.2
40,79,0.2
41,79,0.2
42,79,-0.4
43,79,-0.4
44,79,-0.4
45,79,-0.4
46,79,-0.4
47,79,-0.4
48,79,-0.4
49,79,0.3
50,79,0.3
51,79,0.3
52,79,0.3
53,79,0.3
54,79,0.3
55,79,-1.8
56,79,-1.8
57,79,-1.8
58,79,-1.8
59,79,-0.5
60,79,-0.5
61,79,-0.5
62,79,-0.5
63,79,-0.5
64,79,-1.5
65,79,-1.5
66,79,-1.5
67,79,-2.1
68,79,-2.1
69,79,-2.1
70,79,-2.1
71,79,-2.1
72,79,
73,79,
74,79,
75,79,
76,79,3.9
77,79,3.9
78,79,3.9
79,79,3.9
80,79,3.9
81,79,3.9
82,79,3.9
83,79,3.9
84,79,3.9
85,79,3.9
86,79,3.9
87,79,3.9
88,79,4.8
89,79,4.8
90,79,4.8
91,79,4.8
92,79,4.8
93,79,4.8
94,79,4.8
95,79,4.8
96,79,4.8
97,79,4.8
98,79,4.8
99,79,4.8
0,80,3.2
1,80,3.2
2,80,3.2
3,80,3.2
4,80,3.2
5,80,3.2
6,80,3.2
7,80,3.2
8,80,3.2
9,80,3.2
10,80,3.2
11,80,3.2
12,80,3.2
13,80,3.2
14,80,-0.7
15,80,-0.7
16,80,-0.7
17,80,-0.7
18,80,-0.7
19,80,-0.7
20,80,-0.7
21,80,-0.7
22,80,-0.7
23,80,-0.7
24,80,0.9
25,80,0.9
26,80,0.9
27,80,0.9
28,80,0.9
29,80,0.9
30,80,0.9
31,80,0.9
32,80,0.9
33,80,0.9
34,80,0.2
35,80,0.2
36,80,0.2
37,80,0.2
38,80,0.2
39,80,0.2
40,80,0.2
41,80,0.2
42,80,-0.4
43,80,-0.4
44,80,-0.4
45,80,-0.4
46,80,-0.4
47,80,-0.4
48,80,-0.4
49,80,0.3
50,80,0.3
51,80,0.3
52,80,0.3
53,80,0.3
54,80,0.3
55,80,-1.8
56,80,-1.8
57,80,-1.8
58,80,-1.8
59,80,-0.5
60,80,-0.5
61,80,-0.5
62,80,-0.5
63,80,-1.5
64,80,-1.5
65,80,-1.5
66,80,-1.5
67,80,-2.1
68,80,-2.1
69,80,-2.1
70,80,-2.1
71,80,
72,80,
73,80,
74,80,
75,80,
76,80,
77,80,
78,80,3.9
79,80,3.9
80,80,3.9
81,80,3.9
82,80,3.9
83,80,3.9
84,80,3.9
85,80,3.9
86,80,3.9
87,80,3.9
88,80,4.8
89,80,4.8
90,80,4.8
91,80,4.8
92,80,4.8
93,80,4.8
94,80,4.8
95,80,4.8
96,80,4.8
97,80,4.8
98,80,4.8
99,80,4.8
0,81,3.2
1,81,3.2
2,81,3.2
3,81,3.2
4,81,3.2
5,81,3.2
6,81,3.2
7,81,3.2
8,81,3.2
9,81,3.2
10,81,3.2
11,81,3.2
12,81,3.2
13,81,3.2
14,81,-0.7
15,81,-0.7
16,81,-0.7
17,81,-0.7
18,81,-0.7
19,81,-0.7
20,81,-0.7
21,81,-0.7
22,81,-0.7
23,81,-0.7
24,81,-0.7
25,81,0.9
26,81,0.9
27,81,0.9
28,81,0.9
29,81,0.9
30,81,0.9
31,81,0.9
32,81,0.9
33,81,0.9
34,81,0.2
35,81,0.2
36,81,0.2
37,81,0.2
38,81,0.2
39,81,0.2
40,81,0.2
41,81,0.2
42,81,-0.4
43,81,-0.4
44,81,-0.4
45,81,-0.4
46,81,-0.4
47,81,-0.4
48,81,-0.4
49,81,0.3
50,81,0.3
51,81,0.3
52,81,0.3
53,81,0.3
54,81,0.3
55,81,0.3
56,81,-1.8
57,81,-1.8
58,81,-1.8
59,81,-0.5
60,81,-0.5
61,81,-0.5
62,81,-1.5
63,81,-1.5
64,81,-1.5
65,81,-1.5
66,81,-1.5
67,81,-1.5
68,81,-2.1
69,81,-2.1
70,81,-2.1
71,81,
72,81,
73,81,
74,81,
75,81,
76,81,
77,81,
78,81,
79,81,3.9
80,81,3.9
81,81,3.9
82,81,3.9
83,81,3.9
84,81,3.9
85,81,3.9
86,81,3.9
87,81,3.9
88,81,4.8
89,81,4.8
90,81,4.8
91,81,4.8
92,81,4.8
93,81,4.8
94,81,4.8
95,81,4.8
96,81,4.8
97,81,4.8
98,81,4.8
99,81,4.8
0,82,3.2
1,82,3.2
2,82,3.2
3,82,3.2
4,82,3.2
5,82,3.2
6,82,3.2
7,82,3.2
8,82,3.2
9,82,3.2
10,82,3.2
11,82,3.2
12,82,3.2
13,82,3.2
14,82,-0.7
15,82,-0.7
16,82,-0.7
17,82,-0.7
18,82,-0.7
19,82,-0.7
20,82,-0.7
21,82,-0.7
22,82,-0.7
23,82,-0.7
24,82,-0.7
25,82,-0.7
26,82,0.9
27,82,0.9
28,82,0.9
29,82,0.9
30,82,0.9
31,82,0.9
32,82,0.9
33,82,0.9
34,82,
35,82,
36,82,
37,82,
38,82,
39,82,
40,82,0.2
41,82,0.2
42,82,-0.4
43,82,-0.4
44,82,-0.4
45,82,-0.4
46,82,-0.3
47,82,-0.3
48,82,-0.3
49,82,0.3
50,82,0.3
51,82,0.3
52,82,0.3
53,82,0.3
54,82,0.3
55,82,0.3
56,82,-1.8
57,82,-1.8
58,82,-1.8
59,82,-0.5
60,82,-0.5
61,82,-1.5
62,82,-1.5
63,82,-1.5
64,82,-1.5
65,82,-1.5
66,82,-1.5
67,82,-1.5
68,82,-2.1
69,82,3.9
70,82,3.9
71,82,
72,82,
73,82,
74,82,
75,82,
76,82,
77,82,
78,82,
79,82,
80,82,
81,82,3.9
82,82,3.9
83,82,3.9
84,82,3.9
85,82,3.9
86,82,3.9
87,82,4.8
88,82,4.8
89,82,4.8
90,82,4.8
91,82,4.8
92,82,4.8
93,82,4.8
94,82,4.8
95,82,4.8
96,82,4.8
97,82,4.8
98,82,4.8
99,82,4.8
0,83,3.2
1,83,3.2
2,83,3.2
3,83,3.2
4,83,3.2
5,83,3.2
6,83,3.2
7,83,3.2
8,83,3.2
9,83,3.2
10,83,3.2
11,83,3.2
12,83,3.2
13,83,3.2
14,83,-0.7
15,83,-0.7
16,83,-0.7
17,83,-0.7
18,83,-0.7
19,83,-0.7
20,83,-0.7
21,83,-0.7
22,83,-0.7
23,83,-0.7
24,83,-0.7
25,83,-0.7
26,83,-0.7
27,83,0.9
28,83,0.9
29,83,0.9
30,83,0.9
31,83,0.9
32,83,0.9
33,83,0.9
34,83,
35,83,
36,83,
37,83,
38,83,
39,83,
40,83,
41,83,
42,83,-0.3
43,83,-0.3
44,83,-0.3
45,83,-0.3
46,83,-0.3
47,83,-0.3
48,83,-0.3
49,83,0.3
50,83,0.3
51,83,0.3
52,83,0.3
53,83,0.3
54,83,0.3
55,83,0.3
56,83,0.3
57,83,-1.8
58,83,-1.8
59,83,-0.5
60,83,-1.5
61,83,-1.5
62,83,-1.5
63,83,-1.5
64,83,-1.5
65,83,-1.5
66,83,-1.5
67,83,-1.5
68,83,3.9
69,83,3.9
70,83,3.9
71,83,3.9
72,83,
73,83,
74,83,
75,83,
76,83,
77,83,
78,83,
79,83,
80,83,
81,83,
82,83,3.9
83,83,3.9
84,83,3.9
85,83,3.9
86,83,3.9
87,83,4.8
88,83,4.8
89,83,4.8
90,83,4.8
91,83,4.8
92,83,4.8
93,83,4.8
94,83,4.8
95,83,4.8
96,83,4.8
97,83,4.8
98,83,4.8
99,83,4.8
0,84,3.2
1,84,3.2
2,84,3.2
3,84,3.2
4,84,3.2
5,84,3.2
6,84,3.2
7,84,3.2
8,84,3.2
9,84,3.2
10,84,3.2
11,84,3.2
12,84,3.2
13,84,3.2
14,84,-0.7
15,84,-0.7
16,84,-0.7
17,84,-0.7
18,84,-0.7
19,84,-0.7
20,84,-0.7
21,84,-0.7
22,84,-0.7
23,84,-0.7
24,84,-0.7
25,84,-0.7
26,84,-0.7
27,84,-0.7
28,84,0.9
29,84,0.9
30,84,0.9
31,84,0.9
32,84,0.9
33,84,0.9
34,84,0.9
35,84,
36,84,
37,84,
38,84,
39,84,
40,84,
41,84,-0.3
42,84,-0.3
43,84,-0.3
44,84,-0.3
45,84,-0.3
46,84,-0.3
47,84,-0.3
48,84,-0.3
49,84,-0.3
50,84,0.3
51,84,0.3
52,84,0.3
53,84,0.3
54,84,0.3
55,84,0.3
56,84,0.3
57,84,-1.8
58,84,-1.8
59,84,-1.5
60,84,-1.5
61,84,-1.5
62,84,-1.5
63,84,-1.5
64,84,-1.5
65,84,-1.5
66,84,-1.5
67,84,-1.5
68,84,3.9
69,84,3.9
70,84,3.9
71,84,3.9
72,84,3.9
73,84,
74,84,
75,84,
76,84,
77,84,
78,84,
79,84,
80,84,
81,84,
82,84,
83,84,
84,84,3.9
85,84,3.9
86,84,3.9
87,84,4.8
88,84,4.8
89,84,4.8
90,84,4.8
91,84,4.8
92,84,4.8
93,84,4.8
94,84,4.8
95,84,4.8
96,84,4.8
97,84,4.8
98,84,4.8
99,84,4.8
0,85,3.2
1,85,3.2
2,85,3.2
3,85,3.2
4,85,3.2
5,85,3.2
6,85,3.2
7,85,3.2
8,85,3.2
9,85,3.2
10,85,3.2
11,85,3.2
12,85,3.2
13,85,3.2
14,85,-0.7
15,85,-0.7
16,85,-0.7
17,85,-0.7
18,85,-0.7
19,85,-0.7
20,85,-0.7
21,85,-0.7
22,85,-0.7
23,85,-0.7
24,85,-0.7
25,85,-0.7
26,85,-0.7
27,85,-0.7
28,85,-0.7
29,85,0.9
30,85,0.9
31,85,0.9
32,85,0.9
33,85,0.9
34,85,0.9
35,85,0.8
36,85,0.8
37,85,0.8
38,85,0.8
39,85,0.8
40,85,0.8
41,85,-0.3
42,85,-0.3
43,85,-0.3
44,85,-0.3
45,85,-0.3
46,85,-0.3
47,85,-0.3
48,85,-0.3
49,85,-1.9
50,85,-1.9
51,85,-1.9
52,85,-1.9
53,85,-1.9
54,85,0.3
55,85,0.3
56,85,0.3
57,85,0.3
58,85,-1.5
59,85,-1.5
60,85,-1.5
61,85,-1.5
62,85,-1.5
63,85,-1.5
64,85,-1.5
65,85,-4.3
66,85,-4.3
67,85,-4.3
68,85,3.9
69,85,3.9
70,85,3.9
71,85,3.9
72,85,3.9
73,85,3.9
74,85,3.9
75,85,
76,85,
77,85,
78,85,
79,85,
80,85,
81,85,
82,85,
83,85,
84,85,
85,85,3.9
86,85,3.9
87,85,4.8
88,85,4.8
89,85,4.8
90,85,4.8
91,85,4.8
92,85,4.8
93,85,4.8
94,85,4.8
95,85,4.8
96,85,4.8
97,85,4.8
98,85,4.8
99,85,4.8
0,86,3.2
1,86,3.2
2,86,3.2
3,86,3.2
4,86,3.2
5,86,3.2
6,86,3.2
7,86,3.2
8,86,3.2
9,86,3.2
10,86,3.2
11,86,3.2
12,86,3.2
13,86,3.2
14,86,-0.7
15,86,-0.7
16,86,-0.7
17,86,-0.7
18,86,-0.7
19,86,-0.7
20,86,-0.7
21,86,-0.7
22,86,-0.7
23,86,-0.7
24,86,-0.7
25,86,-0.7
26,86,-0.7
27,86,-0.7
28,86,-0.7
29,86,-0.7
30,86,0.9
31,86,0.9
32,86,0.9
33,86,0.9
34,86,0.8
35,86,0.8
36,86,0.8
37,86,0.8
38,86,0.8
39,86,0.8
40,86,0.8
41,86,0.8
42,86,-0.3
43,86,-0.3
44,86,-0.3
45,86,-0.3
46,86,-0.3
47,86,-0.3
48,86,-0.3
49,86,-1.9
50,86,-1.9
51,86,-1.9
52,86,-1.9
53,86,-1.9
54,86,-1.9
55,86,-1.9
56,86,-1.9
57,86,-1.9
58,86,-1.5
59,86,-1.5
60,86,-1.5
61,86,-1.5
62,86,-4.3
63,86,-4.3
64,86,-4.3
65,86,-4.3
66,86,-4.3
67,86,-4.3
68,86,3.8
69,86,3.9
70,86,3.9
71,86,3.9
72,86,3.9
73,86,3.9
74,86,3.9
75,86,3.9
76,86,
77,86,
78,86,
79,86,
80,86,
81,86,
82,86,
83,86,
84,86,
85,86,
86,86,4.8
87,86,4.8
88,86,4.8
89,86,4.8
90,86,4.8
91,86,4.8
92,86,4.8
93,86,4.8
94,86,4.8
95,86,4.8
96,86,4.8
97,86,4.8
98,86,4.8
99,86,4.8
0,87,3.2
1,87,3.2
2,87,3.2
3,87,3.2
4,87,3.2
5,87,3.2
6,87,3.2
7,87,3.2
8,87,3.2
9,87,3.2
10,87,3.2
11,87,3.2
12,87,3.2
13,87,3.2
14,87,3.2
15,87,-0.7
16,87,-0.7
17,87,-0.7
18,87,-0.7
19,87,-0.7
20,87,-0.7
21,87,-0.7
22,87,-0.7
23,87,-0.7
24,87,-0.7
25,87,-0.7
26,87,-0.7
27,87,-0.7
28,87,-0.7
29,87,-0.7
30,87,-0.7
31,87,0.9
32,87,0.9
33,87,0.9
34,87,0.8
35,87,0.8
36,87,0.8
37,87,0.8
38,87,0.8
39,87,0.8
40,87,0.8
41,87,0.8
42,87,-0.3
43,87,-0.3
44,87,-0.3
45,87,-0.3
46,87,-0.3
47,87,-0.3
48,87,-1.9
49,87,-1.9
50,87,-1.9
51,87,-1.9
52,87,-1.9
53,87,-1.9
54,87,-1.9
55,87,-1.9
56,87,-1.9
57,87,-1.9
58,87,-1.9
59,87,-4.3
60,87,-4.3
61,87,-4.3
62,87,-4.3
63,87,-4.3
64,87,-4.3
65,87,-4.3
66,87,-4.3
67,87,-4.3
68,87,3.8
69,87,3.8
70,87,3.9
71,87,3.9
72,87,3.9
73,87,3.9
74,87,3.9
75,87,3.9
76,87,3.9
77,87,
78,87,
79,87,
80,87,
81,87,
82,87,
83,87,
84,87,
85,87,
86,87,4.8
87,87,4.8
88,87,4.8
89,87,4.8
90,87,4.8
91,87,4.8
92,87,4.8
93,87,4.8
94,87,4.8
95,87,4.8
96,87,4.8
97,87,4.8
98,87,4.8
99,87,4.8
0,88,3.2
1,88,3.2
2,88,3.2
3,88,3.2
4,88,3.2
5,88,3.2
6,88,3.2
7,88,3.2
8,88,3.2
9,88,3.2
10,88,3.2
11,88,3.2
12,88,3.2
13,88,3.2
14,88,3.2
15,88,-0.7
16,88,-0.7
17,88,-0.7
18,88,-0.7
19,88,-0.7
20,88,-0.7
21,88,-0.7
22,88,-0.7
23,88,-0.7
24,88,-0.7
25,88,-0.7
26,88,-0.7
27,88,-0.7
28,88,-0.7
29,88,-0.7
30,88,-0.7
31,88,-0.7
32,88,0.9
33,88,-2.7
34,88,0.8
35,88,0.8
36,88,0.8
37,88,0.8
38,88,0.8
39,88,0.8
40,88,0.8
41,88,-1.4
42,88,-0.3
43,88,-0.3
44,88,-0.3
45,88,-0.3
46,88,-0.3
47,88,-0.3
48,88,-1.9
49,88,-1.9
50,88,-1.9
51,88,-1.9
52,88,-1.9
53,88,-1.9
54,88,-1.9
55,88,-1.9
56,88,-1.9
57,88,-1.9
58,88,-1.9
59,88,-4.3
60,88,-4.3
61,88,-4.3
62,88,-4.3
63,88,-4.3
64,88,-4.3
65,88,-4.3
66,88,-4.3
67,88,3.8
68,88,3.8
69,88,3.8
70,88,3.8
71,88,3.9
72,88,3.9
73,88,3.9
74,88,3.9
75,88,3.9
76,88,3.9
77,88,3.9
78,88,
79,88,
80,88,
81,88,
82,88,
83,88,
84,88,
85,88,
86,88,4.8
87,88,4.8
88,88,4.8
89,88,4.8
90,88,4.8
91,88,4.8
92,88,4.8
93,88,4.8
94,88,4.8
95,88,4.8
96,88,4.8
97,88,4.8
98,88,4.8
99,88,4.8
0,89,3.2
1,89,3.2
2,89,3.2
3,89,3.2
4,89,3.2
5,89,3.2
6,89,3.2
7,89,3.2
8,89,3.2
9,89,3.2
10,89,3.2
11,89,3.2
12,89,3.2
13,89,3.2
14,89,3.2
15,89,-0.7
16,89,-0.7
17,89,-0.7
18,89,-0.7
19,89,-0.7
20,89,-0.7
21,89,-0.7
22,89,-0.7
23,89,-0.7
24,89,-0.7
25,89,-0.7
26,89,-0.7
27,89,-0.7
28,89,-0.7
29,89,-0.7
30,89,-0.7
31,89,-0.7
32,89,-2.7
33,89,-2.7
34,89,-2.7
35,89,-2.7
36,89,0.8
37,89,0.8
38,89,0.8
39,89,-1.4
40,89,-1.4
41,89,-1.4
42,89,-1.4
43,89,-0.3
44,89,-0.3
45,89,-0.3
46,89,-0.3
47,89,-1.6
48,89,-1.6
49,89,-1.9
50,89,-1.9
51,89,-1.9
52,89,-1.9
53,89,-1.9
54,89,-1.9
55,89,-1.9
56,89,-1.9
57,89,-1.9
58,89,-1.9
59,89,-4.3
60,89,-4.3
61,89,-4.3
62,89,-4.3
63,89,-4.3
64,89,-4.3
65,89,-4.3
66,89,-4.3
67,89,3.8
68,89,3.8
69,89,3.8
70,89,3.8
71,89,3.9
72,89,3.9
73,89,3.9
74,89,3.9
75,89,3.9
76,89,3.9
77,89,3.9
78,89,3.9
79,89,
80,89,
81,89,
82,89,
83,89,
84,89,
85,89,
86,89,4.8
87,89,4.8
88,89,4.8
89,89,4.8
90,89,4.8
91,89,4.8
92,89,4.8
93,89,4.8
94,89,4.8
95,89,4.8
96,89,4.8
97,89,4.8
98,89,4.8
99,89,4.8
0,90,3.2
1,90,3.2
2,90,3.2
3,90,3.2
4,90,3.2
5,90,3.2
6,90,3.2
7,90,3.2
8,90,3.2
9,90,3.2
10,90,3.2
11,90,3.2
12,90,3.2
13,90,3.2
14,90,3.2
15,90,-0.7
16,90,-0.7
17,90,-0.7
18,90,-0.7
19,90,-0.7
20,90,-0.7
21,90,-0.7
22,90,-0.7
23,90,-0.7
24,90,-0.7
25,90,-0.7
26,90,-0.7
27,90,-0.7
28,90,-0.7
29,90,-0.7
30,90,-0.7
31,90,-0.7
32,90,-2.7
33,90,-2.7
34,90,-2.7
35,90,-2.7
36,90,-2.7
37,90,-1.4
38,90,-1.4
39,90,-1.4
40,90,-1.4
41,90,-1.4
42,90,-1.4
43,90,-0.3
44,90,-0.3
45,90,-1.6
46,90,-1.6
47,90,-1.6
48,90,-1.6
49,90,-1.6
50,90,-1.9
51,90,-1.9
52,90,-1.9
53,90,-1.9
54,90,-1.9
55,90,-1.9
56,90,-1.9
57,90,-1.9
58,90,-1.9
59,90,-1.9
60,90,-4.3
61,90,-4.3
62,90,-4.3
63,90,-4.3
64,90,-4.3
65,90,-4.3
66,90,3.0
67,90,3.0
68,90,3.8
69,90,3.8
70,90,3.8
71,90,3.8
72,90,3.9
73,90,3.9
74,90,3.9
75,90,3.9
76,90,3.9
77,90,3.9
78,90,3.9
79,90,3.9
80,90,3.9
81,90,
82,90,
83,90,
84,90,
85,90,
86,90,4.8
87,90,4.8
88,90,4.8
89,90,4.8
90,90,4.8
91,90,4.8
92,90,4.8
93,90,4.8
94,90,4.8
95,90,4.8
96,90,4.8
97,90,4.8
98,90,4.8
99,90,4.8
0,91,3.2
1,91,3.2
2,91,3.2
3,91,3.2
4,91,3.2
5,91,3.2
6,91,3.2
7,91,3.2
8,91,3.2
9,91,3.2
10,91,3.2
11,91,3.2
12,91,3.2
13,91,3.2
14,91,3.2
15,91,-0.7
16,91,-0.7
17,91,-0.7
18,91,-0.7
19,91,-0.7
20,91,-0.7
21,91,-0.7
22,91,-0.7
23,91,-0.7
24,91,-0.7
25,91,-0.7
26,91,-0.7
27,91,-0.7
28,91,-0.7
29,91,-0.7
30,91,-0.7
31,91,-2.7
32,91,-2.7
33,91,-2.7
34,91,-2.7
35,91,-2.7
36,91,-1.4
37,91,-1.4
38,91,-1.4
39,91,-1.4
40,91,-1.4
41,91,-1.4
42,91,-1.4
43,91,-1.4
44,91,-1.6
45,91,-1.6
46,91,-1.6
47,91,-1.6
48,91,-1.6
49,91,-1.6
50,91,-1.6
51,91,-1.9
52,91,-1.9
53,91,-1.9
54,91,-1.9
55,91,-1.9
56,91,-1.9
57,91,-1.9
58,91,-1.9
59,91,-1.9
60,91,-4.3
61,91,-4.3
62,91,-4.3
63,91,-4.3
64,91,-4.3
65,91,3.0
66,91,3.0
67,91,3.0
68,91,3.0
69,91,3.8
70,91,3.8
71,91,3.8
72,91,3.8
73,91,3.9
74,91,3.9
75,91,3.9
76,91,3.9
77,91,3.9
78,91,3.9
79,91,3.9
80,91,3.9
81,91,3.9
82,91,
83,91,
84,91,
85,91,
86,91,4.8
87,91,4.8
88,91,4.8
89,91,4.8
90,91,4.8
91,91,4.8
92,91,4.8
93,91,4.8
94,91,4.8
95,91,4.8
96,91,4.8
97,91,4.8
98,91,4.8
99,91,4.8
0,92,3.2
1,92,3.2
2,92,3.2
3,92,3.2
4,92,3.2
5,92,3.2
6,92,3.2
7,92,3.2
8,92,3.2
9,92,3.2
10,92,3.2
11,92,3.2
12,92,3.2
13,92,3.2
14,92,3.2
15,92,-0.7
16,92,-0.7
17,92,-0.7
18,92,-0.7
19,92,-0.7
20,92,-0.7
21,92,-0.7
22,92,-0.7
23,92,-0.7
24,92,-0.7
25,92,-0.7
26,92,-0.7
27,92,-0.7
28,92,-0.7
29,92,-0.7
30,92,-0.7
31,92,-2.7
32,92,-2.7
33,92,-2.7
34,92,-2.7
35,92,-2.7
36,92,-1.4
37,92,-1.4
38,92,-1.4
39,92,-1.4
40,92,-1.4
41,92,-1.4
42,92,-1.4
43,92,-3.1
44,92,-3.1
45,92,-1.6
46,92,-1.6
47,92,-1.6
48,92,-1.6
49,92,-1.6
50,92,-1.6
51,92,-1.6
52,92,-2.4
53,92,-1.9
54,92,-1.9
55,92,-1.9
56,92,-1.9
57,92,-1.9
58,92,-1.9
59,92,-1.9
60,92,-1.9
61,92,-4.3
62,92,-4.3
63,92,-4.3
64,92,3.0
65,92,3.0
66,92,3.0
67,92,3.0
68,92,3.0
69,92,3.0
70,92,3.8
71,92,3.8
72,92,3.8
73,92,3.8
74,92,3.9
75,92,3.9
76,92,3.9
77,92,3.9
78,92,3.9
79,92,3.9
80,92,3.9
81,92,3.9
82,92,3.9
83,92,
84,92,
85,92,
86,92,4.8
87,92,4.8
88,92,4.8
89,92,4.8
90,92,4.8
91,92,4.8
92,92,4.8
93,92,4.8
94,92,4.8
95,92,4.8
96,92,4.8
97,92,4.8
98,92,4.8
99,92,4.8
0,93,3.2
1,93,3.2
2,93,3.2
3,93,3.2
4,93,3.2
5,93,3.2
6,93,3.2
7,93,3.2
8,93,3.2
9,93,3.2
10,93,3.2
11,93,3.2
12,93,3.2
13,93,3.2
14,93,3.2
15,93,-0.7
16,93,-0.7
17,93,-0.7
18,93,-0.7
19,93,-0.7
20,93,-0.7
21,93,-0.7
22,93,-0.7
23,93,-0.7
24,93,-0.7
25,93,-0.7
26,93,-0.7
27,93,-0.7
28,93,-0.7
29,93,-0.7
30,93,-2.7
31,93,-2.7
32,93,-2.7
33,93,-2.7
34,93,-2.7
35,93,-2.7
36,93,-1.4
37,93,-1.4
38,93,-1.4
39,93,-1.4
40,93,-1.4
41,93,-1.4
42,93,-3.1
43,93,-3.1
44,93,-3.1
45,93,-1.6
46,93,-1.6
47,93,-1.6
48,93,-1.6
49,93,-1.6
50,93,-2.4
51,93,-2.4
52,93,-2.4
53,93,-1.9
54,93,-1.9
55,93,-1.9
56,93,-1.9
57,93,-1.9
58,93,-1.9
59,93,-1.9
60,93,-1.9
61,93,3.1
62,93,-4.3
63,93,-4.3
64,93,3.0
65,93,3.0
66,93,3.0
67,93,3.0
68,93,3.0
69,93,3.0
70,93,3.0
71,93,3.8
72,93,3.8
73,93,3.8
74,93,3.8
75,93,3.9
76,93,3.9
77,93,3.9
78,93,3.9
79,93,3.9
80,93,3.9
81,93,3.9
82,93,3.9
83,93,3.9
84,93,
85,93,
86,93,4.8
87,93,4.8
88,93,4.8
89,93,4.8
90,93,4.8
91,93,4.8
92,93,4.8
93,93,4.8
94,93,4.8
95,93,4.8
96,93,4.8
97,93,4.8
98,93,4.8
99,93,4.8
0,94,3.2
1,94,3.2
2,94,3.2
3,94,3.2
4,94,3.2
5,94,3.2
6,94,3.2
7,94,3.2
8,94,3.2
9,94,3.2
10,94,3.2
11,94,3.2
12,94,3.2
13,94,3.2
14,94,3.2
15,94,-0.7
16,94,-0.7
17,94,-0.7
18,94,-0.7
19,94,-0.7
20,94,-0.7
21,94,-0.7
22,94,-0.7
23,94,-0.7
24,94,-0.7
25,94,-0.7
26,94,-0.7
27,94,-0.7
28,94,-0.7
29,94,-0.7
30,94,-2.7
31,94,-2.7
32,94,-2.7
33,94,-2.7
34,94,-2.7
35,94,-2.7
36,94,-1.4
37,94,-1.4
38,94,-1.4
39,94,-1.4
40,94,-1.4
41,94,-1.4
42,94,-3.1
43,94,-3.1
44,94,-3.1
45,94,-3.1
46,94,-1.6
47,94,-1.6
48,94,-2.4
49,94,-2.4
50,94,-2.4
51,94,-2.4
52,94,-2.4
53,94,-1.9
54,94,-1.9
55,94,-1.9
56,94,-1.9
57,94,-1.9
58,94,-1.9
59,94,-1.9
60,94,-1.9
61,94,3.1
62,94,3.1
63,94,3.1
64,94,3.0
65,94,3.0
66,94,3.0
67,94,3.0
68,94,3.0
69,94,3.0
70,94,3.0
71,94,3.0
72,94,3.8
73,94,3.8
74,94,3.8
75,94,3.8
76,94,3.9
77,94,3.9
78,94,3.9
79,94,3.9
80,94,3.9
81,94,3.9
82,94,3.9
83,94,3.9
84,94,3.9
85,94,
86,94,4.8
87,94,4.8
88,94,4.8
89,94,4.8
90,94,4.8
91,94,4.8
92,94,4.8
93,94,4.8
94,94,4.8
95,94,4.8
96,94,4.8
97,94,4.8
98,94,4.8
99,94,4.8
0,95,3.2
1,95,3.2
2,95,3.2
3,95,3.2
4,95,3.2
5,95,3.2
6,95,3.2
7,95,3.2
8,95,3.2
9,95,3.2
10,95,3.2
11,95,3.2
12,95,3.2
13,95,3.2
14,95,3.2
15,95,3.2
16,95,-0.7
17,95,-0.7
18,95,-0.7
19,95,-0.7
20,95,-0.7
21,95,-0.7
22,95,-0.7
23,95,-0.7
24,95,-0.7
25,95,-0.7
26,95,-0.7
27,95,-0.7
28,95,-0.7
29,95,-2.7
30,95,-2.7
31,95,-2.7
32,95,-2.7
33,95,-2.7
34,95,-2.7
35,95,-2.7
36,95,-1.4
37,95,-1.4
38,95,-1.4
39,95,-1.4
40,95,-1.4
41,95,-3.1
42,95,-3.1
43,95,-3.1
44,95,-3.1
45,95,-3.1
46,95,-2.4
47,95,-2.4
48,95,-2.4
49,95,-2.4
50,95,-2.4
51,95,-2.4
52,95,-2.4
53,95,-1.9
54,95,-1.9
55,95,-1.9
56,95,-1.9
57,95,-1.9
58,95,-1.9
59,95,-1.9
60,95,-1.9
61,95,3.1
62,95,3.1
63,95,3.1
64,95,3.1
65,95,3.0
66,95,3.0
67,95,3.0
68,95,3.0
69,95,3.0
70,95,3.0
71,95,3.0
72,95,3.0
73,95,3.0
74,95,3.8
75,95,3.8
76,95,3.9
77,95,3.9
78,95,3.9
79,95,3.9
80,95,3.9
81,95,3.9
82,95,3.9
83,95,3.9
84,95,3.9
85,95,3.9
86,95,4.8
87,95,4.8
88,95,4.8
89,95,4.8
90,95,4.8
91,95,4.8
92,95,4.8
93,95,4.8
94,95,4.8
95,95,4.8
96,95,4.8
97,95,4.8
98,95,4.8
99,95,4.8
0,96,3.2
1,96,3.2
2,96,3.2
3,96,3.2
4,96,3.2
5,96,3.2
6,96,3.2
7,96,3.2
8,96,3.2
9,96,3.2
10,96,3.2
11,96,3.2
12,96,3.2
13,96,3.2
14,96,3.2
15,96,3.2
16,96,-0.7
17,96,-0.7
18,96,-0.7
19,96,-0.7
20,96,-0.7
21,96,-0.7
22,96,-0.7
23,96,-0.7
24,96,-0.7
25,96,-0.7
26,96,-0.7
27,96,-0.7
28,96,-0.7
29,96,-2.7
30,96,-2.7
31,96,-2.7
32,96,-2.7
33,96,-2.7
34,96,-2.7
35,96,-2.7
36,96,-1.4
37,96,-1.4
38,96,-1.4
39,96,-1.4
40,96,-3.1
41,96,-3.1
42,96,-3.1
43,96,-3.1
44,96,-3.1
45,96,-3.1
46,96,-2.4
47,96,-2.4
48,96,-2.4
49,96,-2.4
50,96,-2.4
51,96,-2.4
52,96,-2.4
53,96,-1.9
54,96,-1.9
55,96,-1.9
56,96,-1.9
57,96,-1.9
58,96,-1.9
59,96,-1.9
60,96,3.1
61,96,3.1
62,96,3.1
63,96,3.1
64,96,3.1
65,96,3.1
66,96,3.0
67,96,3.0
68,96,3.0
69,96,3.0
70,96,3.0
71,96,3.0
72,96,3.0
73,96,3.0
74,96,3.0
75,96,3.8
76,96,3.8
77,96,3.9
78,96,3.9
79,96,3.9
80,96,3.9
81,96,3.9
82,96,3.9
83,96,3.9
84,96,3.9
85,96,3.9
86,96,4.8
87,96,4.8
88,96,4.8
89,96,4.8
90,96,4.8
91,96,4.8
92,96,4.8
93,96,4.8
94,96,4.8
95,96,4.8
96,96,4.8
97,96,4.8
98,96,4.8
99,96,4.8
0,97,3.2
1,97,3.2
2,97,3.2
3,97,3.2
4,97,3.2
5,97,3.2
6,97,3.2
7,97,3.2
8,97,3.2
9,97,3.2
10,97,3.2
11,97,3.2
12,97,3.2
13,97,3.2
14,97,3.2
15,97,3.2
16,97,-0.7
17,97,-0.7
18,97,-0.7
19,97,-0.7
20,97,-0.7
21,97,-0.7
22,97,-0.7
23,97,-0.7
24,97,-0.7
25,97,-0.7
26,97,-0.7
27,97,-0.7
28,97,-0.7
29,97,-2.7
30,97,-2.7
31,97,-2.7
32,97,-2.7
33,97,-2.7
34,97,-2.7
35,97,-2.7
36,97,-1.4
37,97,-1.4
38,97,-1.4
39,97,-3.1
40,97,-3.1
41,97,-3.1
42,97,-3.1
43,97,-3.1
44,97,-3.1
45,97,-3.1
46,97,-3.1
47,97,-2.4
48,97,-2.4
49,97,-2.4
50,97,-2.4
51,97,-2.4
52,97,-2.4
53,97,-1.9
54,97,-1.9
55,97,-1.9
56,97,-1.9
57,97,-1.9
58,97,-1.9
59,97,-1.9
60,97,3.1
61,97,3.1
62,97,3.1
63,97,3.1
64,97,3.1
65,97,3.1
66,97,3.1
67,97,3.0
68,97,3.0
69,97,3.0
70,97,3.0
71,97,3.0
72,97,3.0
73,97,3.0
74,97,3.0
75,97,3.0
76,97,3.8
77,97,3.8
78,97,3.9
79,97,3.9
80,97,3.9
81,97,3.9
82,97,3.9
83,97,3.9
84,97,3.9
85,97,3.9
86,97,4.8
87,97,4.8
88,97,4.8
89,97,4.8
90,97,4.8
91,97,4.8
92,97,4.8
93,97,4.8
94,97,4.8
95,97,4.8
96,97,4.8
97,97,4.8
98,97,4.8
99,97,4.8
0,98,3.2
1,98,3.2
2,98,3.2
3,98,3.2
4,98,3.2
5,98,3.2
6,98,3.2
7,98,3.2
8,98,3.2
9,98,3.2
10,98,3.2
11,98,3.2
12,98,3.2
13,98,3.2
14,98,3.2
15,98,3.2
16,98,-0.7
17,98,-0.7
18,98,-0.7
19,98,-0.7
20,98,-0.7
21,98,-0.7
22,98,-0.7
23,98,-0.7
24,98,-0.7
25,98,-0.7
26,98,-0.7
27,98,-0.7
28,98,-2.7
29,98,-2.7
30,98,-2.7
31,98,-2.7
32,98,-2.7
33,98,-2.7
34,98,-2.7
35,98,-2.7
36,98,-1.4
37,98,-1.4
38,98,-3.1
39,98,-3.1
40,98,-3.1
41,98,-3.1
42,98,-3.1
43,98,-3.1
44,98,-3.1
45,98,-3.1
46,98,-3.1
47,98,-2.4
48,98,-2.4
49,98,-2.4
50,98,-2.4
51,98,-2.4
52,98,-1.9
53,98,-1.9
54,98,-1.9
55,98,-1.9
56,98,-1.9
57,98,-1.9
58,98,-1.9
59,98,3.1
60,98,3.1
61,98,3.1
62,98,3.1
63,98,3.1
64,98,3.1
65,98,3.1
66,98,3.1
67,98,3.1
68,98,3.1
69,98,3.0
70,98,3.0
71,98,3.0
72,98,3.0
73,98,3.0
74,98,3.0
75,98,3.0
76,98,3.0
77,98,3.8
78,98,3.8
79,98,3.9
80,98,3.9
81,98,3.9
82,98,3.9
83,98,3.9
84,98,3.9
85,98,3.9
86,98,4.8
87,98,4.8
88,98,4.8
89,98,4.8
90,98,4.8
91,98,4.8
92,98,4.8
93,98,4.8
94,98,4.8
95,98,4.8
96,98,4.8
97,98,4.8
98,98,4.8
99,98,4.8
0,99,3.2
1,99,3.2
2,99,3.2
3,99,3.2
4,99,3.2
5,99,3.2
6,99,3.2
7,99,3.2
8,99,3.2
9,99,3.2
10,99,3.2
11,99,3.2
12,99,3.2
13,99,3.2
14,99,3.2
15,99,3.2
16,99,-0.7
17,99,-0.7
18,99,-0.7
19,99,-0.7
20,99,-0.7
21,99,-0.7
22,99,-0.7
23,99,-0.7
24,99,-0.7
25,99,-0.7
26,99,-0.7
27,99,-0.7
28,99,-2.7
29,99,-2.7
30,99,-2.7
31,99,-2.7
32,99,-2.7
33,99,-2.7
34,99,-2.7
35,99,-2.7
36,99,-1.4
37,99,-3.1
38,99,-3.1
39,99,-3.1
40,99,-3.1
41,99,-3.1
42,99,-3.1
43,99,-3.1
44,99,-3.1
45,99,-3.1
46,99,-3.1
47,99,-3.1
48,99,-2.4
49,99,-2.4
50,99,-2.4
51,99,-2.4
52,99,-1.9
53,99,-1.9
54,99,-1.9
55,99,-1.9
56,99,-1.9
57,99,-1.9
58,99,-1.9
59,99,3.1
60,99,3.1
61,99,3.1
62,99,3.1
63,99,3.1
64,99,3.1
65,99,3.1
66,99,3.1
67,99,3.1
68,99,3.1
69,99,3.1
70,99,3.0
71,99,3.0
72,99,3.0
73,99,3.0
74,99,3.0
75,99,3.0
76,99,3.0
77,99,3.0
78,99,3.8
79,99,3.8
80,99,3.9
81,99,3.9
82,99,3.9
83,99,3.9
84,99,3.9
85,99,3.9
86,99,4.8
87,99,4.8
88,99,4.8
89,99,4.8
90,99,4.8
91,99,4.8
92,99,4.8
93,99,4.8
94,99,4.8
95,99,4.8
96,99,4.8
97,99,4.8
98,99,4.8
99,99,4.8
